Config,Div,N,M,NNZ,MV (sec),SV (sec),Inspection (sec),Matrix Name,Method,Seq SV (sec),Cores,Test,
Sparse,2,101492,101492,874378,0.000163472,0.000447461,0.0439011,/home/m/mmehride/kazem/UFDB/SPD//2cubes_sphere.mtx,LBC,0.00133859,40,PASSED,
Sparse,4,101492,101492,874378,0.000196709,0.000425033,0.0423305,/home/m/mmehride/kazem/UFDB/SPD//2cubes_sphere.mtx,LBC,0.00134468,40,PASSED,
Sparse,6,101492,101492,874378,0.000154571,0.00048121,0.0443175,/home/m/mmehride/kazem/UFDB/SPD//2cubes_sphere.mtx,LBC,0.00133592,40,PASSED,
Sparse,8,101492,101492,874378,0.000162159,0.000458974,0.0434051,/home/m/mmehride/kazem/UFDB/SPD//2cubes_sphere.mtx,LBC,0.00133335,40,PASSED,
Sparse,10,101492,101492,874378,0.000226502,0.000478773,0.0433921,/home/m/mmehride/kazem/UFDB/SPD//2cubes_sphere.mtx,LBC,0.00132999,40,PASSED,
Sparse,20,101492,101492,874378,0.00010693,0.000617118,0.0438068,/home/m/mmehride/kazem/UFDB/SPD//2cubes_sphere.mtx,LBC,0.00170983,40,PASSED,
Sparse,50,101492,101492,874378,0.000134286,0.000572188,0.0463732,/home/m/mmehride/kazem/UFDB/SPD//2cubes_sphere.mtx,LBC,0.00134638,40,PASSED,
Sparse,100,101492,101492,874378,0.000161404,0.000648905,0.0471385,/home/m/mmehride/kazem/UFDB/SPD//2cubes_sphere.mtx,LBC,0.00133296,40,PASSED,
Sparse,200,101492,101492,874378,0.000162708,0.00109103,0.061235,/home/m/mmehride/kazem/UFDB/SPD//2cubes_sphere.mtx,LBC,0.00135768,40,PASSED,
Sparse,2,503625,503625,9027150,0.000857368,0.00130648,0.312751,/home/m/mmehride/kazem/UFDB/SPD//af_0_k101.mtx,LBC,0.0116995,40,PASSED,
Sparse,4,503625,503625,9027150,0.000851939,0.00144125,0.309459,/home/m/mmehride/kazem/UFDB/SPD//af_0_k101.mtx,LBC,0.0116488,40,PASSED,
Sparse,6,503625,503625,9027150,0.00091008,0.00143286,0.306215,/home/m/mmehride/kazem/UFDB/SPD//af_0_k101.mtx,LBC,0.0117161,40,PASSED,
Sparse,8,503625,503625,9027150,0.00106481,0.00159596,0.305633,/home/m/mmehride/kazem/UFDB/SPD//af_0_k101.mtx,LBC,0.0117439,40,PASSED,
Sparse,10,503625,503625,9027150,0.0009617,0.00150548,0.306255,/home/m/mmehride/kazem/UFDB/SPD//af_0_k101.mtx,LBC,0.0117245,40,PASSED,
Sparse,20,503625,503625,9027150,0.000932342,0.00153113,0.305706,/home/m/mmehride/kazem/UFDB/SPD//af_0_k101.mtx,LBC,0.0117588,40,PASSED,
Sparse,50,503625,503625,9027150,0.00125446,0.00199011,0.302401,/home/m/mmehride/kazem/UFDB/SPD//af_0_k101.mtx,LBC,0.0117132,40,PASSED,
Sparse,100,503625,503625,9027150,0.000804766,0.00221862,0.303158,/home/m/mmehride/kazem/UFDB/SPD//af_0_k101.mtx,LBC,0.0116662,40,PASSED,
Sparse,200,503625,503625,9027150,0.00105166,0.00238624,0.298717,/home/m/mmehride/kazem/UFDB/SPD//af_0_k101.mtx,LBC,0.0117227,40,PASSED,
Sparse,2,503625,503625,9027150,0.00131306,0.00133677,0.312748,/home/m/mmehride/kazem/UFDB/SPD//af_1_k101.mtx,LBC,0.0115372,40,PASSED,
Sparse,4,503625,503625,9027150,0.00142021,0.00179929,0.31378,/home/m/mmehride/kazem/UFDB/SPD//af_1_k101.mtx,LBC,0.014322,40,PASSED,
Sparse,6,503625,503625,9027150,0.000867029,0.00151808,0.305609,/home/m/mmehride/kazem/UFDB/SPD//af_1_k101.mtx,LBC,0.0116561,40,PASSED,
Sparse,8,503625,503625,9027150,0.00122668,0.00172863,0.307526,/home/m/mmehride/kazem/UFDB/SPD//af_1_k101.mtx,LBC,0.0117272,40,PASSED,
Sparse,10,503625,503625,9027150,0.00129683,0.00141873,0.306418,/home/m/mmehride/kazem/UFDB/SPD//af_1_k101.mtx,LBC,0.0117301,40,PASSED,
Sparse,20,503625,503625,9027150,0.000921668,0.00150781,0.303908,/home/m/mmehride/kazem/UFDB/SPD//af_1_k101.mtx,LBC,0.0116362,40,PASSED,
Sparse,50,503625,503625,9027150,0.00116982,0.00201525,0.302054,/home/m/mmehride/kazem/UFDB/SPD//af_1_k101.mtx,LBC,0.0116965,40,PASSED,
Sparse,100,503625,503625,9027150,0.000768035,0.00204593,0.302186,/home/m/mmehride/kazem/UFDB/SPD//af_1_k101.mtx,LBC,0.0117187,40,PASSED,
Sparse,200,503625,503625,9027150,0.00092112,0.00236352,0.299169,/home/m/mmehride/kazem/UFDB/SPD//af_1_k101.mtx,LBC,0.0117271,40,PASSED,
Sparse,2,503625,503625,9027150,0.000865261,0.00142408,0.312299,/home/m/mmehride/kazem/UFDB/SPD//af_2_k101.mtx,LBC,0.0116601,40,PASSED,
Sparse,4,503625,503625,9027150,0.00124804,0.00150494,0.310516,/home/m/mmehride/kazem/UFDB/SPD//af_2_k101.mtx,LBC,0.011746,40,PASSED,
Sparse,6,503625,503625,9027150,0.000807394,0.0015406,0.307143,/home/m/mmehride/kazem/UFDB/SPD//af_2_k101.mtx,LBC,0.0116918,40,PASSED,
Sparse,8,503625,503625,9027150,0.00158931,0.00158067,0.305018,/home/m/mmehride/kazem/UFDB/SPD//af_2_k101.mtx,LBC,0.0117097,40,PASSED,
Sparse,10,503625,503625,9027150,0.000881558,0.00151048,0.304879,/home/m/mmehride/kazem/UFDB/SPD//af_2_k101.mtx,LBC,0.0117003,40,PASSED,
Sparse,20,503625,503625,9027150,0.00115402,0.00162113,0.305192,/home/m/mmehride/kazem/UFDB/SPD//af_2_k101.mtx,LBC,0.011717,40,PASSED,
Sparse,50,503625,503625,9027150,0.00111129,0.00196996,0.303494,/home/m/mmehride/kazem/UFDB/SPD//af_2_k101.mtx,LBC,0.0117065,40,PASSED,
Sparse,100,503625,503625,9027150,0.00125101,0.00221339,0.302948,/home/m/mmehride/kazem/UFDB/SPD//af_2_k101.mtx,LBC,0.0117382,40,PASSED,
Sparse,200,503625,503625,9027150,0.00139609,0.00262019,0.298851,/home/m/mmehride/kazem/UFDB/SPD//af_2_k101.mtx,LBC,0.0117233,40,PASSED,
Sparse,2,503625,503625,9027150,0.00113039,0.00141937,0.314052,/home/m/mmehride/kazem/UFDB/SPD//af_3_k101.mtx,LBC,0.0117378,40,PASSED,
Sparse,4,503625,503625,9027150,0.00150033,0.00155034,0.308298,/home/m/mmehride/kazem/UFDB/SPD//af_3_k101.mtx,LBC,0.0117299,40,PASSED,
Sparse,6,503625,503625,9027150,0.0010383,0.00158219,0.306601,/home/m/mmehride/kazem/UFDB/SPD//af_3_k101.mtx,LBC,0.0117395,40,PASSED,
Sparse,8,503625,503625,9027150,0.00113609,0.00176656,0.306555,/home/m/mmehride/kazem/UFDB/SPD//af_3_k101.mtx,LBC,0.0117252,40,PASSED,
Sparse,10,503625,503625,9027150,0.00134044,0.00180421,0.307132,/home/m/mmehride/kazem/UFDB/SPD//af_3_k101.mtx,LBC,0.0117337,40,PASSED,
Sparse,20,503625,503625,9027150,0.000910821,0.00157474,0.30476,/home/m/mmehride/kazem/UFDB/SPD//af_3_k101.mtx,LBC,0.0117064,40,PASSED,
Sparse,50,503625,503625,9027150,0.00126788,0.00200955,0.303491,/home/m/mmehride/kazem/UFDB/SPD//af_3_k101.mtx,LBC,0.0117391,40,PASSED,
Sparse,100,503625,503625,9027150,0.00130787,0.00209885,0.303664,/home/m/mmehride/kazem/UFDB/SPD//af_3_k101.mtx,LBC,0.0117364,40,PASSED,
Sparse,200,503625,503625,9027150,0.000791158,0.00263053,0.298914,/home/m/mmehride/kazem/UFDB/SPD//af_3_k101.mtx,LBC,0.011691,40,PASSED,
Sparse,2,503625,503625,9027150,0.000857237,0.00143497,0.312582,/home/m/mmehride/kazem/UFDB/SPD//af_4_k101.mtx,LBC,0.0116411,40,PASSED,
Sparse,4,503625,503625,9027150,0.0011847,0.0014888,0.309536,/home/m/mmehride/kazem/UFDB/SPD//af_4_k101.mtx,LBC,0.0117332,40,PASSED,
Sparse,6,503625,503625,9027150,0.00112726,0.00141583,0.305365,/home/m/mmehride/kazem/UFDB/SPD//af_4_k101.mtx,LBC,0.0115663,40,PASSED,
Sparse,8,503625,503625,9027150,0.00126611,0.00148011,0.310018,/home/m/mmehride/kazem/UFDB/SPD//af_4_k101.mtx,LBC,0.0115334,40,PASSED,
Sparse,10,503625,503625,9027150,0.000959635,0.00146748,0.306,/home/m/mmehride/kazem/UFDB/SPD//af_4_k101.mtx,LBC,0.011548,40,PASSED,
Sparse,20,503625,503625,9027150,0.00110644,0.00149465,0.305602,/home/m/mmehride/kazem/UFDB/SPD//af_4_k101.mtx,LBC,0.0115819,40,PASSED,
Sparse,50,503625,503625,9027150,0.000995871,0.0019141,0.302387,/home/m/mmehride/kazem/UFDB/SPD//af_4_k101.mtx,LBC,0.0115443,40,PASSED,
Sparse,100,503625,503625,9027150,0.00104256,0.00209072,0.301052,/home/m/mmehride/kazem/UFDB/SPD//af_4_k101.mtx,LBC,0.0116149,40,PASSED,
Sparse,200,503625,503625,9027150,0.00103079,0.00234549,0.298037,/home/m/mmehride/kazem/UFDB/SPD//af_4_k101.mtx,LBC,0.0114961,40,PASSED,
Sparse,2,503625,503625,9027150,0.00112731,0.0013383,0.313082,/home/m/mmehride/kazem/UFDB/SPD//af_5_k101.mtx,LBC,0.0115602,40,PASSED,
Sparse,4,503625,503625,9027150,0.000875204,0.00127293,0.308168,/home/m/mmehride/kazem/UFDB/SPD//af_5_k101.mtx,LBC,0.0116632,40,PASSED,
Sparse,6,503625,503625,9027150,0.00119432,0.00169167,0.307173,/home/m/mmehride/kazem/UFDB/SPD//af_5_k101.mtx,LBC,0.0117278,40,PASSED,
Sparse,8,503625,503625,9027150,0.00102207,0.00151138,0.306522,/home/m/mmehride/kazem/UFDB/SPD//af_5_k101.mtx,LBC,0.0116754,40,PASSED,
Sparse,10,503625,503625,9027150,0.00104448,0.00151612,0.307819,/home/m/mmehride/kazem/UFDB/SPD//af_5_k101.mtx,LBC,0.0117158,40,PASSED,
Sparse,20,503625,503625,9027150,0.00126946,0.0015536,0.306575,/home/m/mmehride/kazem/UFDB/SPD//af_5_k101.mtx,LBC,0.0117171,40,PASSED,
Sparse,50,503625,503625,9027150,0.00102479,0.0019592,0.302917,/home/m/mmehride/kazem/UFDB/SPD//af_5_k101.mtx,LBC,0.0117137,40,PASSED,
Sparse,100,503625,503625,9027150,0.00127756,0.0022538,0.30098,/home/m/mmehride/kazem/UFDB/SPD//af_5_k101.mtx,LBC,0.0117277,40,PASSED,
Sparse,200,503625,503625,9027150,0.000836501,0.00234197,0.299668,/home/m/mmehride/kazem/UFDB/SPD//af_5_k101.mtx,LBC,0.0116414,40,PASSED,
Sparse,2,504855,504855,9046865,0.00103311,0.00133585,0.310887,/home/m/mmehride/kazem/UFDB/SPD//af_shell3.mtx,LBC,0.0116253,40,PASSED,
Sparse,4,504855,504855,9046865,0.00120717,0.00132135,0.307935,/home/m/mmehride/kazem/UFDB/SPD//af_shell3.mtx,LBC,0.0117711,40,PASSED,
Sparse,6,504855,504855,9046865,0.0010235,0.00151377,0.304725,/home/m/mmehride/kazem/UFDB/SPD//af_shell3.mtx,LBC,0.0117393,40,PASSED,
Sparse,8,504855,504855,9046865,0.00079843,0.00141486,0.304318,/home/m/mmehride/kazem/UFDB/SPD//af_shell3.mtx,LBC,0.0117541,40,PASSED,
Sparse,10,504855,504855,9046865,0.00133928,0.0017281,0.30427,/home/m/mmehride/kazem/UFDB/SPD//af_shell3.mtx,LBC,0.0117728,40,PASSED,
Sparse,20,504855,504855,9046865,0.0010176,0.0016016,0.303969,/home/m/mmehride/kazem/UFDB/SPD//af_shell3.mtx,LBC,0.0117497,40,PASSED,
Sparse,50,504855,504855,9046865,0.00114982,0.00195877,0.301672,/home/m/mmehride/kazem/UFDB/SPD//af_shell3.mtx,LBC,0.0117543,40,PASSED,
Sparse,100,504855,504855,9046865,0.000795008,0.00211986,0.300253,/home/m/mmehride/kazem/UFDB/SPD//af_shell3.mtx,LBC,0.0117162,40,PASSED,
Sparse,200,504855,504855,9046865,0.000965103,0.00244623,0.296616,/home/m/mmehride/kazem/UFDB/SPD//af_shell3.mtx,LBC,0.0117761,40,PASSED,
Sparse,2,504855,504855,9046865,0.000840634,0.00132725,0.309961,/home/m/mmehride/kazem/UFDB/SPD//af_shell4.mtx,LBC,0.011702,40,PASSED,
Sparse,4,504855,504855,9046865,0.00137034,0.00137531,0.306521,/home/m/mmehride/kazem/UFDB/SPD//af_shell4.mtx,LBC,0.0116843,40,PASSED,
Sparse,6,504855,504855,9046865,0.000885101,0.00135984,0.302952,/home/m/mmehride/kazem/UFDB/SPD//af_shell4.mtx,LBC,0.0117282,40,PASSED,
Sparse,8,504855,504855,9046865,0.000828008,0.001416,0.305007,/home/m/mmehride/kazem/UFDB/SPD//af_shell4.mtx,LBC,0.0117187,40,PASSED,
Sparse,10,504855,504855,9046865,0.000784727,0.00138716,0.302598,/home/m/mmehride/kazem/UFDB/SPD//af_shell4.mtx,LBC,0.0117152,40,PASSED,
Sparse,20,504855,504855,9046865,0.000813648,0.00148611,0.303543,/home/m/mmehride/kazem/UFDB/SPD//af_shell4.mtx,LBC,0.0116948,40,PASSED,
Sparse,50,504855,504855,9046865,0.000808801,0.00199267,0.300944,/home/m/mmehride/kazem/UFDB/SPD//af_shell4.mtx,LBC,0.0117069,40,PASSED,
Sparse,100,504855,504855,9046865,0.00131807,0.00214913,0.300675,/home/m/mmehride/kazem/UFDB/SPD//af_shell4.mtx,LBC,0.011755,40,PASSED,
Sparse,200,504855,504855,9046865,0.000866812,0.00240703,0.29653,/home/m/mmehride/kazem/UFDB/SPD//af_shell4.mtx,LBC,0.0116527,40,PASSED,
Sparse,2,504855,504855,9046865,0.00119649,0.00138425,0.309876,/home/m/mmehride/kazem/UFDB/SPD//af_shell7.mtx,LBC,0.011628,40,PASSED,
Sparse,4,504855,504855,9046865,0.0010052,0.00129605,0.306355,/home/m/mmehride/kazem/UFDB/SPD//af_shell7.mtx,LBC,0.0115615,40,PASSED,
Sparse,6,504855,504855,9046865,0.00155665,0.0018238,0.30605,/home/m/mmehride/kazem/UFDB/SPD//af_shell7.mtx,LBC,0.0117815,40,PASSED,
Sparse,8,504855,504855,9046865,0.000911374,0.0014088,0.305528,/home/m/mmehride/kazem/UFDB/SPD//af_shell7.mtx,LBC,0.0117219,40,PASSED,
Sparse,10,504855,504855,9046865,0.000783116,0.00135139,0.305432,/home/m/mmehride/kazem/UFDB/SPD//af_shell7.mtx,LBC,0.0117478,40,PASSED,
Sparse,20,504855,504855,9046865,0.000953323,0.00158319,0.302378,/home/m/mmehride/kazem/UFDB/SPD//af_shell7.mtx,LBC,0.0117242,40,PASSED,
Sparse,50,504855,504855,9046865,0.0008307,0.0020289,0.300955,/home/m/mmehride/kazem/UFDB/SPD//af_shell7.mtx,LBC,0.0116977,40,PASSED,
Sparse,100,504855,504855,9046865,0.000897921,0.00238114,0.300441,/home/m/mmehride/kazem/UFDB/SPD//af_shell7.mtx,LBC,0.0116868,40,PASSED,
Sparse,200,504855,504855,9046865,0.000892609,0.00241676,0.296364,/home/m/mmehride/kazem/UFDB/SPD//af_shell7.mtx,LBC,0.0116787,40,PASSED,
Sparse,2,504855,504855,9046865,0.000846015,0.00137127,0.310553,/home/m/mmehride/kazem/UFDB/SPD//af_shell8.mtx,LBC,0.0116649,40,PASSED,
Sparse,4,504855,504855,9046865,0.00099282,0.00125616,0.3072,/home/m/mmehride/kazem/UFDB/SPD//af_shell8.mtx,LBC,0.0117612,40,PASSED,
Sparse,6,504855,504855,9046865,0.00079014,0.00141502,0.305713,/home/m/mmehride/kazem/UFDB/SPD//af_shell8.mtx,LBC,0.0117355,40,PASSED,
Sparse,8,504855,504855,9046865,0.000832134,0.00145659,0.303569,/home/m/mmehride/kazem/UFDB/SPD//af_shell8.mtx,LBC,0.0116471,40,PASSED,
Sparse,10,504855,504855,9046865,0.00167242,0.00164069,0.303859,/home/m/mmehride/kazem/UFDB/SPD//af_shell8.mtx,LBC,0.0117308,40,PASSED,
Sparse,20,504855,504855,9046865,0.00123863,0.00154399,0.303539,/home/m/mmehride/kazem/UFDB/SPD//af_shell8.mtx,LBC,0.0116708,40,PASSED,
Sparse,50,504855,504855,9046865,0.00178859,0.00231849,0.300758,/home/m/mmehride/kazem/UFDB/SPD//af_shell8.mtx,LBC,0.0115701,40,PASSED,
Sparse,100,504855,504855,9046865,0.00096985,0.002102,0.300499,/home/m/mmehride/kazem/UFDB/SPD//af_shell8.mtx,LBC,0.0115364,40,PASSED,
Sparse,200,504855,504855,9046865,0.00112322,0.00255073,0.294606,/home/m/mmehride/kazem/UFDB/SPD//af_shell8.mtx,LBC,0.0115575,40,PASSED,
Sparse,2,715176,715176,2766523,0.000410588,0.000753765,0.361155,/home/m/mmehride/kazem/UFDB/SPD//apache2.mtx,LBC,0.00443706,40,PASSED,
Sparse,4,715176,715176,2766523,0.000256504,0.000689391,0.347289,/home/m/mmehride/kazem/UFDB/SPD//apache2.mtx,LBC,0.00432462,40,PASSED,
Sparse,6,715176,715176,2766523,0.000342112,0.000779327,0.34918,/home/m/mmehride/kazem/UFDB/SPD//apache2.mtx,LBC,0.00443345,40,PASSED,
Sparse,8,715176,715176,2766523,0.000285782,0.000694059,0.346781,/home/m/mmehride/kazem/UFDB/SPD//apache2.mtx,LBC,0.00440824,40,PASSED,
Sparse,10,715176,715176,2766523,0.000440196,0.000844397,0.346501,/home/m/mmehride/kazem/UFDB/SPD//apache2.mtx,LBC,0.00439427,40,PASSED,
Sparse,20,715176,715176,2766523,0.000276881,0.000753139,0.34484,/home/m/mmehride/kazem/UFDB/SPD//apache2.mtx,LBC,0.00436673,40,PASSED,
Sparse,50,715176,715176,2766523,0.000332748,0.00112602,0.331958,/home/m/mmehride/kazem/UFDB/SPD//apache2.mtx,LBC,0.0043434,40,PASSED,
Sparse,100,715176,715176,2766523,0.000230907,0.001155,0.331979,/home/m/mmehride/kazem/UFDB/SPD//apache2.mtx,LBC,0.0043656,40,PASSED,
Sparse,200,715176,715176,2766523,0.000239641,0.00124326,0.295908,/home/m/mmehride/kazem/UFDB/SPD//apache2.mtx,LBC,0.004358,40,PASSED,
Sparse,2,943695,943695,39297771,0.00599582,0.00888693,1.3693,/home/m/mmehride/kazem/UFDB/SPD//audikw_1.mtx,LBC,0.0535686,40,PASSED,
Sparse,4,943695,943695,39297771,0.00590871,0.0102339,1.35995,/home/m/mmehride/kazem/UFDB/SPD//audikw_1.mtx,LBC,0.0535042,40,PASSED,
Sparse,6,943695,943695,39297771,0.00746601,0.012634,1.37801,/home/m/mmehride/kazem/UFDB/SPD//audikw_1.mtx,LBC,0.0533428,40,PASSED,
Sparse,8,943695,943695,39297771,0.0067159,0.0124338,1.36968,/home/m/mmehride/kazem/UFDB/SPD//audikw_1.mtx,LBC,0.05297,40,PASSED,
Sparse,10,943695,943695,39297771,0.00763028,0.0117087,1.37212,/home/m/mmehride/kazem/UFDB/SPD//audikw_1.mtx,LBC,0.0528802,40,PASSED,
Sparse,20,943695,943695,39297771,0.0126692,0.0184541,1.36819,/home/m/mmehride/kazem/UFDB/SPD//audikw_1.mtx,LBC,0.0528965,40,PASSED,
Sparse,50,943695,943695,39297771,0.00604531,0.0173311,1.48088,/home/m/mmehride/kazem/UFDB/SPD//audikw_1.mtx,LBC,0.0536373,40,PASSED,
Sparse,100,943695,943695,39297771,0.00739572,0.018313,1.48461,/home/m/mmehride/kazem/UFDB/SPD//audikw_1.mtx,LBC,0.0535707,40,PASSED,
Sparse,200,943695,943695,39297771,0.00680309,0.0189729,1.48365,/home/m/mmehride/kazem/UFDB/SPD//audikw_1.mtx,LBC,0.0534845,40,PASSED,
Sparse,2,23052,23052,583096,6.2503e-05,0.000213791,0.01592,/home/m/mmehride/kazem/UFDB/SPD//bcsstk36.mtx,LBC,0.000639504,40,PASSED,
Sparse,4,23052,23052,583096,6.6449e-05,0.000210416,0.0157363,/home/m/mmehride/kazem/UFDB/SPD//bcsstk36.mtx,LBC,0.000638362,40,PASSED,
Sparse,6,23052,23052,583096,6.6812e-05,0.000233001,0.0156319,/home/m/mmehride/kazem/UFDB/SPD//bcsstk36.mtx,LBC,0.000637131,40,PASSED,
Sparse,8,23052,23052,583096,5.969e-05,0.000244596,0.0157233,/home/m/mmehride/kazem/UFDB/SPD//bcsstk36.mtx,LBC,0.000636886,40,PASSED,
Sparse,10,23052,23052,583096,5.9806e-05,0.000242232,0.0157304,/home/m/mmehride/kazem/UFDB/SPD//bcsstk36.mtx,LBC,0.000636621,40,PASSED,
Sparse,20,23052,23052,583096,6.5379e-05,0.000281971,0.0157344,/home/m/mmehride/kazem/UFDB/SPD//bcsstk36.mtx,LBC,0.000637731,40,PASSED,
Sparse,50,23052,23052,583096,7.2027e-05,0.000480375,0.0162065,/home/m/mmehride/kazem/UFDB/SPD//bcsstk36.mtx,LBC,0.000638602,40,PASSED,
Sparse,100,23052,23052,583096,8.1571e-05,0.000642583,0.0170575,/home/m/mmehride/kazem/UFDB/SPD//bcsstk36.mtx,LBC,0.000637229,40,PASSED,
Sparse,200,23052,23052,583096,7.2844e-05,0.00069767,0.0172306,/home/m/mmehride/kazem/UFDB/SPD//bcsstk36.mtx,LBC,0.000638377,40,PASSED,
Sparse,2,245874,245874,6698185,0.000480828,0.000968128,0.190418,/home/m/mmehride/kazem/UFDB/SPD//BenElechi1.mtx,LBC,0.00856998,40,PASSED,
Sparse,4,245874,245874,6698185,0.000502449,0.00105004,0.188524,/home/m/mmehride/kazem/UFDB/SPD//BenElechi1.mtx,LBC,0.00864575,40,PASSED,
Sparse,6,245874,245874,6698185,0.000377105,0.00104513,0.186197,/home/m/mmehride/kazem/UFDB/SPD//BenElechi1.mtx,LBC,0.00851716,40,PASSED,
Sparse,8,245874,245874,6698185,0.000418934,0.00102018,0.187047,/home/m/mmehride/kazem/UFDB/SPD//BenElechi1.mtx,LBC,0.00852068,40,PASSED,
Sparse,10,245874,245874,6698185,0.000635011,0.00106556,0.188006,/home/m/mmehride/kazem/UFDB/SPD//BenElechi1.mtx,LBC,0.00851537,40,PASSED,
Sparse,20,245874,245874,6698185,0.000364918,0.00121424,0.186867,/home/m/mmehride/kazem/UFDB/SPD//BenElechi1.mtx,LBC,0.00851313,40,PASSED,
Sparse,50,245874,245874,6698185,0.000523875,0.00178741,0.18683,/home/m/mmehride/kazem/UFDB/SPD//BenElechi1.mtx,LBC,0.0084172,40,PASSED,
Sparse,100,245874,245874,6698185,0.000349673,0.00182402,0.187816,/home/m/mmehride/kazem/UFDB/SPD//BenElechi1.mtx,LBC,0.00852373,40,PASSED,
Sparse,200,245874,245874,6698185,0.000429244,0.0024501,0.185871,/home/m/mmehride/kazem/UFDB/SPD//BenElechi1.mtx,LBC,0.00851064,40,PASSED,
Sparse,2,141347,141347,3740507,0.000175137,0.000535065,0.104549,/home/m/mmehride/kazem/UFDB/SPD//bmw7st_1.mtx,LBC,0.00464192,40,PASSED,
Sparse,4,141347,141347,3740507,0.000253719,0.000614142,0.104028,/home/m/mmehride/kazem/UFDB/SPD//bmw7st_1.mtx,LBC,0.0046151,40,PASSED,
Sparse,6,141347,141347,3740507,0.000247082,0.000625094,0.103378,/home/m/mmehride/kazem/UFDB/SPD//bmw7st_1.mtx,LBC,0.00462086,40,PASSED,
Sparse,8,141347,141347,3740507,0.000237858,0.000637647,0.103272,/home/m/mmehride/kazem/UFDB/SPD//bmw7st_1.mtx,LBC,0.00462406,40,PASSED,
Sparse,10,141347,141347,3740507,0.000219407,0.000633329,0.103133,/home/m/mmehride/kazem/UFDB/SPD//bmw7st_1.mtx,LBC,0.00460563,40,PASSED,
Sparse,20,141347,141347,3740507,0.000212247,0.000776386,0.10313,/home/m/mmehride/kazem/UFDB/SPD//bmw7st_1.mtx,LBC,0.00470324,40,PASSED,
Sparse,50,141347,141347,3740507,0.000223812,0.00124685,0.103999,/home/m/mmehride/kazem/UFDB/SPD//bmw7st_1.mtx,LBC,0.00464911,40,PASSED,
Sparse,100,141347,141347,3740507,0.000187004,0.00137367,0.1046,/home/m/mmehride/kazem/UFDB/SPD//bmw7st_1.mtx,LBC,0.00463254,40,PASSED,
Sparse,200,141347,141347,3740507,0.000240473,0.00225814,0.106066,/home/m/mmehride/kazem/UFDB/SPD//bmw7st_1.mtx,LBC,0.00464782,40,PASSED,
Sparse,2,148770,148770,5396386,0.00032413,0.000801142,0.158728,/home/m/mmehride/kazem/UFDB/SPD//bmwcra_1.mtx,LBC,0.00691853,40,PASSED,
Sparse,4,148770,148770,5396386,0.000285749,0.000966526,0.160684,/home/m/mmehride/kazem/UFDB/SPD//bmwcra_1.mtx,LBC,0.00691727,40,PASSED,
Sparse,6,148770,148770,5396386,0.000356205,0.00107476,0.16001,/home/m/mmehride/kazem/UFDB/SPD//bmwcra_1.mtx,LBC,0.00691838,40,PASSED,
Sparse,8,148770,148770,5396386,0.00038417,0.00108838,0.158831,/home/m/mmehride/kazem/UFDB/SPD//bmwcra_1.mtx,LBC,0.00688874,40,PASSED,
Sparse,10,148770,148770,5396386,0.000309585,0.00114635,0.159695,/home/m/mmehride/kazem/UFDB/SPD//bmwcra_1.mtx,LBC,0.00690685,40,PASSED,
Sparse,20,148770,148770,5396386,0.000392285,0.00150853,0.161909,/home/m/mmehride/kazem/UFDB/SPD//bmwcra_1.mtx,LBC,0.00692769,40,PASSED,
Sparse,50,148770,148770,5396386,0.000319232,0.00254883,0.162884,/home/m/mmehride/kazem/UFDB/SPD//bmwcra_1.mtx,LBC,0.00692034,40,PASSED,
Sparse,100,148770,148770,5396386,0.000287717,0.00277177,0.163073,/home/m/mmehride/kazem/UFDB/SPD//bmwcra_1.mtx,LBC,0.00689958,40,PASSED,
Sparse,200,148770,148770,5396386,0.000372814,0.00336724,0.163105,/home/m/mmehride/kazem/UFDB/SPD//bmwcra_1.mtx,LBC,0.00689905,40,PASSED,
Sparse,2,986703,986703,36326514,0.00491721,0.00772641,1.24741,/home/m/mmehride/kazem/UFDB/SPD//bone010.mtx,LBC,0.0483291,40,PASSED,
Sparse,4,986703,986703,36326514,0.00665838,0.00957276,1.24611,/home/m/mmehride/kazem/UFDB/SPD//bone010.mtx,LBC,0.0482644,40,PASSED,
Sparse,6,986703,986703,36326514,0.00692875,0.0103404,1.26304,/home/m/mmehride/kazem/UFDB/SPD//bone010.mtx,LBC,0.0477106,40,PASSED,
Sparse,8,986703,986703,36326514,0.00605586,0.00995667,1.25454,/home/m/mmehride/kazem/UFDB/SPD//bone010.mtx,LBC,0.0478074,40,PASSED,
Sparse,10,986703,986703,36326514,0.00595619,0.00954002,1.25374,/home/m/mmehride/kazem/UFDB/SPD//bone010.mtx,LBC,0.0477944,40,PASSED,
Sparse,20,986703,986703,36326514,0.00597344,0.0109797,1.25518,/home/m/mmehride/kazem/UFDB/SPD//bone010.mtx,LBC,0.0477825,40,PASSED,
Sparse,50,986703,986703,36326514,0.00627641,0.0139868,1.35764,/home/m/mmehride/kazem/UFDB/SPD//bone010.mtx,LBC,0.0477674,40,PASSED,
Sparse,100,986703,986703,36326514,0.00576352,0.0138671,1.35278,/home/m/mmehride/kazem/UFDB/SPD//bone010.mtx,LBC,0.0477719,40,PASSED,
Sparse,200,986703,986703,36326514,0.00670808,0.0150191,1.35772,/home/m/mmehride/kazem/UFDB/SPD//bone010.mtx,LBC,0.0478423,40,PASSED,
Sparse,2,127224,127224,3421188,0.00026399,0.000693377,0.100498,/home/m/mmehride/kazem/UFDB/SPD//boneS01.mtx,LBC,0.00424476,40,PASSED,
Sparse,4,127224,127224,3421188,0.000259055,0.000711912,0.0982048,/home/m/mmehride/kazem/UFDB/SPD//boneS01.mtx,LBC,0.00423937,40,PASSED,
Sparse,6,127224,127224,3421188,0.000364956,0.000828287,0.0981033,/home/m/mmehride/kazem/UFDB/SPD//boneS01.mtx,LBC,0.00423866,40,PASSED,
Sparse,8,127224,127224,3421188,0.000273347,0.000772958,0.0980474,/home/m/mmehride/kazem/UFDB/SPD//boneS01.mtx,LBC,0.00423656,40,PASSED,
Sparse,10,127224,127224,3421188,0.000331963,0.000843638,0.0981991,/home/m/mmehride/kazem/UFDB/SPD//boneS01.mtx,LBC,0.00420141,40,PASSED,
Sparse,20,127224,127224,3421188,0.000248166,0.000889771,0.0982565,/home/m/mmehride/kazem/UFDB/SPD//boneS01.mtx,LBC,0.00423023,40,PASSED,
Sparse,50,127224,127224,3421188,0.000319741,0.00146173,0.0999629,/home/m/mmehride/kazem/UFDB/SPD//boneS01.mtx,LBC,0.00419816,40,PASSED,
Sparse,100,127224,127224,3421188,0.000255952,0.00162924,0.100119,/home/m/mmehride/kazem/UFDB/SPD//boneS01.mtx,LBC,0.00427007,40,PASSED,
Sparse,200,127224,127224,3421188,0.00032148,0.00261937,0.102896,/home/m/mmehride/kazem/UFDB/SPD//boneS01.mtx,LBC,0.00423911,40,PASSED,
Sparse,2,914898,914898,28191660,0.0035035,0.00470589,0.956105,/home/m/mmehride/kazem/UFDB/SPD//boneS10.mtx,LBC,0.0373917,40,PASSED,
Sparse,4,914898,914898,28191660,0.00471574,0.00589168,0.946043,/home/m/mmehride/kazem/UFDB/SPD//boneS10.mtx,LBC,0.0370531,40,PASSED,
Sparse,6,914898,914898,28191660,0.00468808,0.0059259,0.944039,/home/m/mmehride/kazem/UFDB/SPD//boneS10.mtx,LBC,0.0367785,40,PASSED,
Sparse,8,914898,914898,28191660,0.00491514,0.00618951,0.942185,/home/m/mmehride/kazem/UFDB/SPD//boneS10.mtx,LBC,0.0367909,40,PASSED,
Sparse,10,914898,914898,28191660,0.00565522,0.00681699,0.94038,/home/m/mmehride/kazem/UFDB/SPD//boneS10.mtx,LBC,0.0367978,40,PASSED,
Sparse,20,914898,914898,28191660,0.00461704,0.00664859,0.936753,/home/m/mmehride/kazem/UFDB/SPD//boneS10.mtx,LBC,0.0367721,40,PASSED,
Sparse,50,914898,914898,28191660,0.00446012,0.00725474,0.945542,/home/m/mmehride/kazem/UFDB/SPD//boneS10.mtx,LBC,0.0367636,40,PASSED,
Sparse,100,914898,914898,28191660,0.00482151,0.00838026,0.943385,/home/m/mmehride/kazem/UFDB/SPD//boneS10.mtx,LBC,0.0367564,40,PASSED,
Sparse,200,914898,914898,28191660,0.00474332,0.0080029,0.937715,/home/m/mmehride/kazem/UFDB/SPD//boneS10.mtx,LBC,0.0367987,40,PASSED,
Sparse,2,2911419,2911419,65320659,0.0178085,0.0217216,3.21056,/home/m/mmehride/kazem/UFDB/SPD//Bump_2911.mtx,LBC,0.088538,40,PASSED,
Sparse,4,2911419,2911419,65320659,0.0124986,0.020485,3.21353,/home/m/mmehride/kazem/UFDB/SPD//Bump_2911.mtx,LBC,0.0885942,40,PASSED,
Sparse,6,2911419,2911419,65320659,0.0120239,0.0213967,3.33088,/home/m/mmehride/kazem/UFDB/SPD//Bump_2911.mtx,LBC,0.0885699,40,PASSED,
Sparse,8,2911419,2911419,65320659,0.0153542,0.0223791,3.32552,/home/m/mmehride/kazem/UFDB/SPD//Bump_2911.mtx,LBC,0.0885232,40,PASSED,
Sparse,10,2911419,2911419,65320659,0.023079,0.0309033,3.31073,/home/m/mmehride/kazem/UFDB/SPD//Bump_2911.mtx,LBC,0.0884877,40,PASSED,
Sparse,20,2911419,2911419,65320659,0.0153871,0.0240208,3.29874,/home/m/mmehride/kazem/UFDB/SPD//Bump_2911.mtx,LBC,0.0897642,40,PASSED,
Sparse,50,2911419,2911419,65320659,0.0154662,0.0283971,4.12795,/home/m/mmehride/kazem/UFDB/SPD//Bump_2911.mtx,LBC,0.0884334,40,PASSED,
Sparse,100,2911419,2911419,65320659,0.0104671,0.0247495,4.15544,/home/m/mmehride/kazem/UFDB/SPD//Bump_2911.mtx,LBC,0.0885503,40,PASSED,
Sparse,200,2911419,2911419,65320659,0.0152211,0.0281647,4.12668,/home/m/mmehride/kazem/UFDB/SPD//Bump_2911.mtx,LBC,0.0886428,40,PASSED,
Sparse,2,513351,513351,10360701,0.00173737,0.00472981,0.844289,/home/m/mmehride/kazem/UFDB/SPD//bundle_adj.mtx,LBC,0.0155035,40,PASSED,
Sparse,4,513351,513351,10360701,0.00237999,0.00403219,0.500524,/home/m/mmehride/kazem/UFDB/SPD//bundle_adj.mtx,LBC,0.0154653,40,PASSED,
Sparse,6,513351,513351,10360701,0.001604,0.00607897,0.517678,/home/m/mmehride/kazem/UFDB/SPD//bundle_adj.mtx,LBC,0.0154903,40,PASSED,
Sparse,8,513351,513351,10360701,0.0018597,0.00570469,0.506197,/home/m/mmehride/kazem/UFDB/SPD//bundle_adj.mtx,LBC,0.0154894,40,PASSED,
Sparse,10,513351,513351,10360701,0.00210502,0.00593208,0.512722,/home/m/mmehride/kazem/UFDB/SPD//bundle_adj.mtx,LBC,0.0154582,40,PASSED,
Sparse,20,513351,513351,10360701,0.00205373,0.00530656,0.544434,/home/m/mmehride/kazem/UFDB/SPD//bundle_adj.mtx,LBC,0.0155036,40,PASSED,
Sparse,50,513351,513351,10360701,0.00200805,0.0184117,0.807202,/home/m/mmehride/kazem/UFDB/SPD//bundle_adj.mtx,LBC,0.0154777,40,PASSED,
Sparse,100,513351,513351,10360701,0.00349937,0.0183665,0.808038,/home/m/mmehride/kazem/UFDB/SPD//bundle_adj.mtx,LBC,0.015433,40,PASSED,
Sparse,200,513351,513351,10360701,0.00194501,0.0184418,0.807104,/home/m/mmehride/kazem/UFDB/SPD//bundle_adj.mtx,LBC,0.0154849,40,PASSED,
Sparse,2,62451,62451,2034917,0.000154859,0.000415864,0.0612252,/home/m/mmehride/kazem/UFDB/SPD//cant.mtx,LBC,0.00297276,40,PASSED,
Sparse,4,62451,62451,2034917,0.00016608,0.000396089,0.0606386,/home/m/mmehride/kazem/UFDB/SPD//cant.mtx,LBC,0.00245057,40,PASSED,
Sparse,6,62451,62451,2034917,0.000133606,0.000453921,0.0605812,/home/m/mmehride/kazem/UFDB/SPD//cant.mtx,LBC,0.00245676,40,PASSED,
Sparse,8,62451,62451,2034917,0.000165519,0.000473089,0.061488,/home/m/mmehride/kazem/UFDB/SPD//cant.mtx,LBC,0.00243828,40,PASSED,
Sparse,10,62451,62451,2034917,0.000130969,0.000451229,0.0606901,/home/m/mmehride/kazem/UFDB/SPD//cant.mtx,LBC,0.00247752,40,PASSED,
Sparse,20,62451,62451,2034917,0.000125984,0.0006375,0.0609922,/home/m/mmehride/kazem/UFDB/SPD//cant.mtx,LBC,0.00244697,40,PASSED,
Sparse,50,62451,62451,2034917,0.000125566,0.001214,0.0629037,/home/m/mmehride/kazem/UFDB/SPD//cant.mtx,LBC,0.0024742,40,PASSED,
Sparse,100,62451,62451,2034917,0.00016117,0.00147057,0.0624641,/home/m/mmehride/kazem/UFDB/SPD//cant.mtx,LBC,0.00249584,40,PASSED,
Sparse,200,62451,62451,2034917,0.000136307,0.00260492,0.0685715,/home/m/mmehride/kazem/UFDB/SPD//cant.mtx,LBC,0.00243037,40,PASSED,
Sparse,2,70656,70656,949510,0.000105336,0.0002816,0.0335235,/home/m/mmehride/kazem/UFDB/SPD//cfd1.mtx,LBC,0.00112613,40,PASSED,
Sparse,4,70656,70656,949510,0.000131796,0.000353804,0.0327115,/home/m/mmehride/kazem/UFDB/SPD//cfd1.mtx,LBC,0.00146499,40,PASSED,
Sparse,6,70656,70656,949510,0.000101688,0.000302866,0.0328953,/home/m/mmehride/kazem/UFDB/SPD//cfd1.mtx,LBC,0.00111834,40,PASSED,
Sparse,8,70656,70656,949510,0.000116847,0.000305496,0.0322161,/home/m/mmehride/kazem/UFDB/SPD//cfd1.mtx,LBC,0.0011445,40,PASSED,
Sparse,10,70656,70656,949510,0.000122115,0.000303045,0.0329934,/home/m/mmehride/kazem/UFDB/SPD//cfd1.mtx,LBC,0.00111471,40,PASSED,
Sparse,20,70656,70656,949510,0.000113375,0.000453123,0.0330627,/home/m/mmehride/kazem/UFDB/SPD//cfd1.mtx,LBC,0.00145493,40,PASSED,
Sparse,50,70656,70656,949510,0.000101748,0.00052838,0.033712,/home/m/mmehride/kazem/UFDB/SPD//cfd1.mtx,LBC,0.0011366,40,PASSED,
Sparse,100,70656,70656,949510,0.000137031,0.000598754,0.034591,/home/m/mmehride/kazem/UFDB/SPD//cfd1.mtx,LBC,0.00112103,40,PASSED,
Sparse,200,70656,70656,949510,9.5896e-05,0.000986889,0.0387088,/home/m/mmehride/kazem/UFDB/SPD//cfd1.mtx,LBC,0.00114388,40,PASSED,
Sparse,2,123440,123440,1605669,0.00015392,0.000391779,0.0593486,/home/m/mmehride/kazem/UFDB/SPD//cfd2.mtx,LBC,0.00201203,40,PASSED,
Sparse,4,123440,123440,1605669,0.000148695,0.000439389,0.0585559,/home/m/mmehride/kazem/UFDB/SPD//cfd2.mtx,LBC,0.00200393,40,PASSED,
Sparse,6,123440,123440,1605669,0.00018815,0.000474464,0.0585023,/home/m/mmehride/kazem/UFDB/SPD//cfd2.mtx,LBC,0.00202711,40,PASSED,
Sparse,8,123440,123440,1605669,0.000178167,0.00045338,0.0584168,/home/m/mmehride/kazem/UFDB/SPD//cfd2.mtx,LBC,0.00201417,40,PASSED,
Sparse,10,123440,123440,1605669,0.000164015,0.000463824,0.0583058,/home/m/mmehride/kazem/UFDB/SPD//cfd2.mtx,LBC,0.00203824,40,PASSED,
Sparse,20,123440,123440,1605669,0.000171193,0.000495907,0.0583863,/home/m/mmehride/kazem/UFDB/SPD//cfd2.mtx,LBC,0.002029,40,PASSED,
Sparse,50,123440,123440,1605669,0.000156835,0.000697671,0.0598024,/home/m/mmehride/kazem/UFDB/SPD//cfd2.mtx,LBC,0.00199979,40,PASSED,
Sparse,100,123440,123440,1605669,0.000163163,0.000815987,0.0595878,/home/m/mmehride/kazem/UFDB/SPD//cfd2.mtx,LBC,0.00203189,40,PASSED,
Sparse,200,123440,123440,1605669,0.000197745,0.00116857,0.061886,/home/m/mmehride/kazem/UFDB/SPD//cfd2.mtx,LBC,0.00202437,40,PASSED,
Sparse,2,83334,83334,3046907,0.000223291,0.000959521,0.0908236,/home/m/mmehride/kazem/UFDB/SPD//consph.mtx,LBC,0.00379087,40,PASSED,
Sparse,4,83334,83334,3046907,0.000210974,0.00103984,0.0900097,/home/m/mmehride/kazem/UFDB/SPD//consph.mtx,LBC,0.00375945,40,PASSED,
Sparse,6,83334,83334,3046907,0.000208163,0.0011657,0.0915858,/home/m/mmehride/kazem/UFDB/SPD//consph.mtx,LBC,0.00376236,40,PASSED,
Sparse,8,83334,83334,3046907,0.000287766,0.00115289,0.0913194,/home/m/mmehride/kazem/UFDB/SPD//consph.mtx,LBC,0.00374538,40,PASSED,
Sparse,10,83334,83334,3046907,0.00028079,0.00113293,0.0913043,/home/m/mmehride/kazem/UFDB/SPD//consph.mtx,LBC,0.00374892,40,PASSED,
Sparse,20,83334,83334,3046907,0.000259934,0.00134629,0.0908582,/home/m/mmehride/kazem/UFDB/SPD//consph.mtx,LBC,0.00375798,40,PASSED,
Sparse,50,83334,83334,3046907,0.000239521,0.00218248,0.0964386,/home/m/mmehride/kazem/UFDB/SPD//consph.mtx,LBC,0.00376437,40,PASSED,
Sparse,100,83334,83334,3046907,0.000210949,0.00241608,0.0983322,/home/m/mmehride/kazem/UFDB/SPD//consph.mtx,LBC,0.00374856,40,PASSED,
Sparse,200,83334,83334,3046907,0.000220673,0.00334383,0.103246,/home/m/mmehride/kazem/UFDB/SPD//consph.mtx,LBC,0.00377275,40,PASSED,
Sparse,2,52804,52804,5333507,0.000419752,0.00171329,0.159613,/home/m/mmehride/kazem/UFDB/SPD//crankseg_1.mtx,LBC,0.00717254,40,PASSED,
Sparse,4,52804,52804,5333507,0.000426444,0.00213227,0.15836,/home/m/mmehride/kazem/UFDB/SPD//crankseg_1.mtx,LBC,0.00715329,40,PASSED,
Sparse,6,52804,52804,5333507,0.000387034,0.00264506,0.160078,/home/m/mmehride/kazem/UFDB/SPD//crankseg_1.mtx,LBC,0.00717383,40,PASSED,
Sparse,8,52804,52804,5333507,0.000437937,0.00261874,0.159169,/home/m/mmehride/kazem/UFDB/SPD//crankseg_1.mtx,LBC,0.00715604,40,PASSED,
Sparse,10,52804,52804,5333507,0.000471117,0.00261732,0.158655,/home/m/mmehride/kazem/UFDB/SPD//crankseg_1.mtx,LBC,0.00713778,40,PASSED,
Sparse,20,52804,52804,5333507,0.000420386,0.00329136,0.159511,/home/m/mmehride/kazem/UFDB/SPD//crankseg_1.mtx,LBC,0.00714842,40,PASSED,
Sparse,50,52804,52804,5333507,0.000863064,0.0055511,0.16205,/home/m/mmehride/kazem/UFDB/SPD//crankseg_1.mtx,LBC,0.00726348,40,PASSED,
Sparse,100,52804,52804,5333507,0.00043028,0.00602614,0.160631,/home/m/mmehride/kazem/UFDB/SPD//crankseg_1.mtx,LBC,0.00718847,40,PASSED,
Sparse,200,52804,52804,5333507,0.000388202,0.00700722,0.165878,/home/m/mmehride/kazem/UFDB/SPD//crankseg_1.mtx,LBC,0.00719976,40,PASSED,
Sparse,2,63838,63838,7106348,0.000620641,0.00244202,0.214699,/home/m/mmehride/kazem/UFDB/SPD//crankseg_2.mtx,LBC,0.0100426,40,PASSED,
Sparse,4,63838,63838,7106348,0.000615789,0.00275651,0.214247,/home/m/mmehride/kazem/UFDB/SPD//crankseg_2.mtx,LBC,0.00983477,40,PASSED,
Sparse,6,63838,63838,7106348,0.000621201,0.00363552,0.214092,/home/m/mmehride/kazem/UFDB/SPD//crankseg_2.mtx,LBC,0.00993261,40,PASSED,
Sparse,8,63838,63838,7106348,0.000595557,0.003771,0.214521,/home/m/mmehride/kazem/UFDB/SPD//crankseg_2.mtx,LBC,0.00983979,40,PASSED,
Sparse,10,63838,63838,7106348,0.000579431,0.00336425,0.21645,/home/m/mmehride/kazem/UFDB/SPD//crankseg_2.mtx,LBC,0.00982547,40,PASSED,
Sparse,20,63838,63838,7106348,0.000871659,0.00416088,0.214299,/home/m/mmehride/kazem/UFDB/SPD//crankseg_2.mtx,LBC,0.00990658,40,PASSED,
Sparse,50,63838,63838,7106348,0.000686135,0.00743375,0.21879,/home/m/mmehride/kazem/UFDB/SPD//crankseg_2.mtx,LBC,0.0098266,40,PASSED,
Sparse,100,63838,63838,7106348,0.000651167,0.00794276,0.219472,/home/m/mmehride/kazem/UFDB/SPD//crankseg_2.mtx,LBC,0.00978515,40,PASSED,
Sparse,200,63838,63838,7106348,0.000909272,0.00916709,0.224701,/home/m/mmehride/kazem/UFDB/SPD//crankseg_2.mtx,LBC,0.00977904,40,PASSED,
Sparse,2,52329,52329,1375396,0.000103531,0.000371375,0.0396381,/home/m/mmehride/kazem/UFDB/SPD//ct20stif.mtx,LBC,0.00157996,40,PASSED,
Sparse,4,52329,52329,1375396,0.000125396,0.00037496,0.0392725,/home/m/mmehride/kazem/UFDB/SPD//ct20stif.mtx,LBC,0.00159804,40,PASSED,
Sparse,6,52329,52329,1375396,0.000126672,0.000400491,0.0390814,/home/m/mmehride/kazem/UFDB/SPD//ct20stif.mtx,LBC,0.00160246,40,PASSED,
Sparse,8,52329,52329,1375396,0.000109946,0.00039163,0.0382987,/home/m/mmehride/kazem/UFDB/SPD//ct20stif.mtx,LBC,0.00159253,40,PASSED,
Sparse,10,52329,52329,1375396,0.000126764,0.000423576,0.0389846,/home/m/mmehride/kazem/UFDB/SPD//ct20stif.mtx,LBC,0.00158411,40,PASSED,
Sparse,20,52329,52329,1375396,0.000123886,0.000597368,0.0396354,/home/m/mmehride/kazem/UFDB/SPD//ct20stif.mtx,LBC,0.00199356,40,PASSED,
Sparse,50,52329,52329,1375396,0.000100929,0.000801795,0.0393949,/home/m/mmehride/kazem/UFDB/SPD//ct20stif.mtx,LBC,0.00161807,40,PASSED,
Sparse,100,52329,52329,1375396,0.000123473,0.00104139,0.0400176,/home/m/mmehride/kazem/UFDB/SPD//ct20stif.mtx,LBC,0.00161314,40,PASSED,
Sparse,200,52329,52329,1375396,0.00013176,0.00185669,0.0454214,/home/m/mmehride/kazem/UFDB/SPD//ct20stif.mtx,LBC,0.00159673,40,PASSED,
Sparse,2,89400,89400,622812,9.2572e-05,0.000211527,0.028916,/home/m/mmehride/kazem/UFDB/SPD//denormal.mtx,LBC,0.000953894,40,PASSED,
Sparse,4,89400,89400,622812,7.0003e-05,0.000179494,0.0280949,/home/m/mmehride/kazem/UFDB/SPD//denormal.mtx,LBC,0.000950247,40,PASSED,
Sparse,6,89400,89400,622812,7.1975e-05,0.000195193,0.0279076,/home/m/mmehride/kazem/UFDB/SPD//denormal.mtx,LBC,0.000920077,40,PASSED,
Sparse,8,89400,89400,622812,9.5664e-05,0.00020991,0.0286522,/home/m/mmehride/kazem/UFDB/SPD//denormal.mtx,LBC,0.000947585,40,PASSED,
Sparse,10,89400,89400,622812,8.0702e-05,0.000193239,0.0285885,/home/m/mmehride/kazem/UFDB/SPD//denormal.mtx,LBC,0.000928739,40,PASSED,
Sparse,20,89400,89400,622812,6.9715e-05,0.000221268,0.0278275,/home/m/mmehride/kazem/UFDB/SPD//denormal.mtx,LBC,0.00093566,40,PASSED,
Sparse,50,89400,89400,622812,9.0065e-05,0.000338789,0.0285266,/home/m/mmehride/kazem/UFDB/SPD//denormal.mtx,LBC,0.000948212,40,PASSED,
Sparse,100,89400,89400,622812,7.1816e-05,0.000426698,0.0293419,/home/m/mmehride/kazem/UFDB/SPD//denormal.mtx,LBC,0.0009364,40,PASSED,
Sparse,200,89400,89400,622812,8.3461e-05,0.00115876,0.0484966,/home/m/mmehride/kazem/UFDB/SPD//denormal.mtx,LBC,0.000944901,40,PASSED,
Sparse,2,65025,65025,547625,6.1939e-05,0.000171559,0.0229437,/home/m/mmehride/kazem/UFDB/SPD//Dubcova2.mtx,LBC,0.000662242,40,PASSED,
Sparse,4,65025,65025,547625,6.1482e-05,0.000147071,0.0222818,/home/m/mmehride/kazem/UFDB/SPD//Dubcova2.mtx,LBC,0.000656594,40,PASSED,
Sparse,6,65025,65025,547625,7.5843e-05,0.000169254,0.0220996,/home/m/mmehride/kazem/UFDB/SPD//Dubcova2.mtx,LBC,0.000656009,40,PASSED,
Sparse,8,65025,65025,547625,6.6158e-05,0.00016229,0.0219186,/home/m/mmehride/kazem/UFDB/SPD//Dubcova2.mtx,LBC,0.000655379,40,PASSED,
Sparse,10,65025,65025,547625,7.5815e-05,0.000168041,0.0225601,/home/m/mmehride/kazem/UFDB/SPD//Dubcova2.mtx,LBC,0.000656737,40,PASSED,
Sparse,20,65025,65025,547625,6.0607e-05,0.000180766,0.0218193,/home/m/mmehride/kazem/UFDB/SPD//Dubcova2.mtx,LBC,0.000653592,40,PASSED,
Sparse,50,65025,65025,547625,5.6762e-05,0.000281337,0.0214035,/home/m/mmehride/kazem/UFDB/SPD//Dubcova2.mtx,LBC,0.000648491,40,PASSED,
Sparse,100,65025,65025,547625,6.4904e-05,0.000772877,0.0295941,/home/m/mmehride/kazem/UFDB/SPD//Dubcova2.mtx,LBC,0.000654181,40,PASSED,
Sparse,200,65025,65025,547625,6.3225e-05,0.000810887,0.0343353,/home/m/mmehride/kazem/UFDB/SPD//Dubcova2.mtx,LBC,0.000655607,40,PASSED,
Sparse,2,146689,146689,1891669,0.000158833,0.000339117,0.058292,/home/m/mmehride/kazem/UFDB/SPD//Dubcova3.mtx,LBC,0.00231168,40,PASSED,
Sparse,4,146689,146689,1891669,0.000113275,0.000338774,0.0570619,/home/m/mmehride/kazem/UFDB/SPD//Dubcova3.mtx,LBC,0.00233822,40,PASSED,
Sparse,6,146689,146689,1891669,0.000128086,0.00034756,0.0564287,/home/m/mmehride/kazem/UFDB/SPD//Dubcova3.mtx,LBC,0.00236304,40,PASSED,
Sparse,8,146689,146689,1891669,0.000114622,0.000339193,0.0567972,/home/m/mmehride/kazem/UFDB/SPD//Dubcova3.mtx,LBC,0.00232441,40,PASSED,
Sparse,10,146689,146689,1891669,0.000154582,0.000346094,0.0564509,/home/m/mmehride/kazem/UFDB/SPD//Dubcova3.mtx,LBC,0.00230608,40,PASSED,
Sparse,20,146689,146689,1891669,0.000158134,0.000385369,0.0562473,/home/m/mmehride/kazem/UFDB/SPD//Dubcova3.mtx,LBC,0.00231303,40,PASSED,
Sparse,50,146689,146689,1891669,0.000117033,0.000594275,0.0553428,/home/m/mmehride/kazem/UFDB/SPD//Dubcova3.mtx,LBC,0.00232212,40,PASSED,
Sparse,100,146689,146689,1891669,0.000113,0.000914182,0.0548377,/home/m/mmehride/kazem/UFDB/SPD//Dubcova3.mtx,LBC,0.00235572,40,PASSED,
Sparse,200,146689,146689,1891669,0.000119977,0.0043167,0.0796345,/home/m/mmehride/kazem/UFDB/SPD//Dubcova3.mtx,LBC,0.00297647,40,PASSED,
Sparse,2,999999,999999,2997995,0.00023273,0.000538864,0.334772,/home/m/mmehride/kazem/UFDB/SPD//ecology2.mtx,LBC,0.00409455,40,PASSED,
Sparse,4,999999,999999,2997995,0.000197915,0.000553305,0.324038,/home/m/mmehride/kazem/UFDB/SPD//ecology2.mtx,LBC,0.00408203,40,PASSED,
Sparse,6,999999,999999,2997995,0.000225146,0.000448819,0.317738,/home/m/mmehride/kazem/UFDB/SPD//ecology2.mtx,LBC,0.00409205,40,PASSED,
Sparse,8,999999,999999,2997995,0.000249551,0.000541237,0.31715,/home/m/mmehride/kazem/UFDB/SPD//ecology2.mtx,LBC,0.00410398,40,PASSED,
Sparse,10,999999,999999,2997995,0.00025314,0.000533477,0.31621,/home/m/mmehride/kazem/UFDB/SPD//ecology2.mtx,LBC,0.00410518,40,PASSED,
Sparse,20,999999,999999,2997995,0.00023694,0.000592706,0.314883,/home/m/mmehride/kazem/UFDB/SPD//ecology2.mtx,LBC,0.00407748,40,PASSED,
Sparse,50,999999,999999,2997995,0.000294555,0.000736833,0.301271,/home/m/mmehride/kazem/UFDB/SPD//ecology2.mtx,LBC,0.00408115,40,PASSED,
Sparse,100,999999,999999,2997995,0.000292277,0.000828885,0.281116,/home/m/mmehride/kazem/UFDB/SPD//ecology2.mtx,LBC,0.00405069,40,PASSED,
Sparse,200,999999,999999,2997995,0.000285088,0.00119133,0.238534,/home/m/mmehride/kazem/UFDB/SPD//ecology2.mtx,LBC,0.00408429,40,PASSED,
Sparse,2,923136,923136,20964171,0.0036604,0.00582206,0.811801,/home/m/mmehride/kazem/UFDB/SPD//Emilia_923.mtx,LBC,0.0281473,40,PASSED,
Sparse,4,923136,923136,20964171,0.00372369,0.00659906,0.808994,/home/m/mmehride/kazem/UFDB/SPD//Emilia_923.mtx,LBC,0.0281643,40,PASSED,
Sparse,6,923136,923136,20964171,0.00368687,0.00723006,0.841299,/home/m/mmehride/kazem/UFDB/SPD//Emilia_923.mtx,LBC,0.0282044,40,PASSED,
Sparse,8,923136,923136,20964171,0.00556237,0.0076197,0.837028,/home/m/mmehride/kazem/UFDB/SPD//Emilia_923.mtx,LBC,0.0281608,40,PASSED,
Sparse,10,923136,923136,20964171,0.00537787,0.0075742,0.832935,/home/m/mmehride/kazem/UFDB/SPD//Emilia_923.mtx,LBC,0.0282011,40,PASSED,
Sparse,20,923136,923136,20964171,0.00374537,0.00725198,0.832885,/home/m/mmehride/kazem/UFDB/SPD//Emilia_923.mtx,LBC,0.0282138,40,PASSED,
Sparse,50,923136,923136,20964171,0.00364071,0.00969252,0.994095,/home/m/mmehride/kazem/UFDB/SPD//Emilia_923.mtx,LBC,0.0282473,40,PASSED,
Sparse,100,923136,923136,20964171,0.00665696,0.0121924,0.99887,/home/m/mmehride/kazem/UFDB/SPD//Emilia_923.mtx,LBC,0.0282125,40,PASSED,
Sparse,200,923136,923136,20964171,0.00445798,0.00977849,1.0025,/home/m/mmehride/kazem/UFDB/SPD//Emilia_923.mtx,LBC,0.0281505,40,PASSED,
Sparse,2,638802,638802,14626683,0.00300897,0.00443613,0.545641,/home/m/mmehride/kazem/UFDB/SPD//Fault_639.mtx,LBC,0.0194588,40,PASSED,
Sparse,4,638802,638802,14626683,0.00217081,0.0041349,0.544555,/home/m/mmehride/kazem/UFDB/SPD//Fault_639.mtx,LBC,0.0196039,40,PASSED,
Sparse,6,638802,638802,14626683,0.00197376,0.00468093,0.553183,/home/m/mmehride/kazem/UFDB/SPD//Fault_639.mtx,LBC,0.0197473,40,PASSED,
Sparse,8,638802,638802,14626683,0.00272955,0.00469622,0.551248,/home/m/mmehride/kazem/UFDB/SPD//Fault_639.mtx,LBC,0.0197103,40,PASSED,
Sparse,10,638802,638802,14626683,0.00210344,0.00457378,0.558143,/home/m/mmehride/kazem/UFDB/SPD//Fault_639.mtx,LBC,0.0197282,40,PASSED,
Sparse,20,638802,638802,14626683,0.00274073,0.00521708,0.565242,/home/m/mmehride/kazem/UFDB/SPD//Fault_639.mtx,LBC,0.0196744,40,PASSED,
Sparse,50,638802,638802,14626683,0.00248146,0.00670353,0.618296,/home/m/mmehride/kazem/UFDB/SPD//Fault_639.mtx,LBC,0.0196955,40,PASSED,
Sparse,100,638802,638802,14626683,0.00202841,0.00654764,0.61798,/home/m/mmehride/kazem/UFDB/SPD//Fault_639.mtx,LBC,0.0196661,40,PASSED,
Sparse,200,638802,638802,14626683,0.00214919,0.00669463,0.622715,/home/m/mmehride/kazem/UFDB/SPD//Fault_639.mtx,LBC,0.0196844,40,PASSED,
Sparse,2,1564794,1564794,59485419,0.0131421,0.0153362,2.1402,/home/m/mmehride/kazem/UFDB/SPD//Flan_1565.mtx,LBC,0.0786874,40,PASSED,
Sparse,4,1564794,1564794,59485419,0.00826919,0.0107524,2.12807,/home/m/mmehride/kazem/UFDB/SPD//Flan_1565.mtx,LBC,0.0786301,40,PASSED,
Sparse,6,1564794,1564794,59485419,0.0111925,0.0140338,2.13343,/home/m/mmehride/kazem/UFDB/SPD//Flan_1565.mtx,LBC,0.0787246,40,PASSED,
Sparse,8,1564794,1564794,59485419,0.0103824,0.0147484,2.12164,/home/m/mmehride/kazem/UFDB/SPD//Flan_1565.mtx,LBC,0.078022,40,PASSED,
Sparse,10,1564794,1564794,59485419,0.00815509,0.0119105,2.1267,/home/m/mmehride/kazem/UFDB/SPD//Flan_1565.mtx,LBC,0.0778616,40,PASSED,
Sparse,20,1564794,1564794,59485419,0.00929509,0.0138204,2.13382,/home/m/mmehride/kazem/UFDB/SPD//Flan_1565.mtx,LBC,0.077925,40,PASSED,
Sparse,50,1564794,1564794,59485419,0.0111948,0.019453,2.19549,/home/m/mmehride/kazem/UFDB/SPD//Flan_1565.mtx,LBC,0.07787,40,PASSED,
Sparse,100,1564794,1564794,59485419,0.0105746,0.0198769,2.19511,/home/m/mmehride/kazem/UFDB/SPD//Flan_1565.mtx,LBC,0.0778488,40,PASSED,
Sparse,200,1564794,1564794,59485419,0.0112377,0.0192085,2.16648,/home/m/mmehride/kazem/UFDB/SPD//Flan_1565.mtx,LBC,0.0778718,40,PASSED,
Sparse,2,1585478,1585478,4623152,0.000582286,0.00113506,0.770205,/home/m/mmehride/kazem/UFDB/SPD//G3_circuit.mtx,LBC,0.00931619,40,PASSED,
Sparse,4,1585478,1585478,4623152,0.000596844,0.00102083,0.753709,/home/m/mmehride/kazem/UFDB/SPD//G3_circuit.mtx,LBC,0.00939507,40,PASSED,
Sparse,6,1585478,1585478,4623152,0.000736934,0.00104516,0.746147,/home/m/mmehride/kazem/UFDB/SPD//G3_circuit.mtx,LBC,0.00935334,40,PASSED,
Sparse,8,1585478,1585478,4623152,0.00185697,0.00175275,0.745944,/home/m/mmehride/kazem/UFDB/SPD//G3_circuit.mtx,LBC,0.00938638,40,PASSED,
Sparse,10,1585478,1585478,4623152,0.000730349,0.00112796,0.743752,/home/m/mmehride/kazem/UFDB/SPD//G3_circuit.mtx,LBC,0.00937837,40,PASSED,
Sparse,20,1585478,1585478,4623152,0.000671379,0.00113856,0.725055,/home/m/mmehride/kazem/UFDB/SPD//G3_circuit.mtx,LBC,0.00935136,40,PASSED,
Sparse,50,1585478,1585478,4623152,0.000689311,0.00144886,0.688838,/home/m/mmehride/kazem/UFDB/SPD//G3_circuit.mtx,LBC,0.00941605,40,PASSED,
Sparse,100,1585478,1585478,4623152,0.000535059,0.00141701,0.670621,/home/m/mmehride/kazem/UFDB/SPD//G3_circuit.mtx,LBC,0.0093786,40,PASSED,
Sparse,200,1585478,1585478,4623152,0.000639503,0.0017839,0.612598,/home/m/mmehride/kazem/UFDB/SPD//G3_circuit.mtx,LBC,0.00935525,40,PASSED,
Sparse,2,1437960,1437960,32297325,0.00681298,0.00869363,1.31549,/home/m/mmehride/kazem/UFDB/SPD//Geo_1438.mtx,LBC,0.0433563,40,PASSED,
Sparse,4,1437960,1437960,32297325,0.00554675,0.00907268,1.3098,/home/m/mmehride/kazem/UFDB/SPD//Geo_1438.mtx,LBC,0.0433453,40,PASSED,
Sparse,6,1437960,1437960,32297325,0.00563854,0.00981495,1.33106,/home/m/mmehride/kazem/UFDB/SPD//Geo_1438.mtx,LBC,0.043332,40,PASSED,
Sparse,8,1437960,1437960,32297325,0.00721968,0.00980888,1.33207,/home/m/mmehride/kazem/UFDB/SPD//Geo_1438.mtx,LBC,0.0433459,40,PASSED,
Sparse,10,1437960,1437960,32297325,0.00656055,0.00923642,1.33112,/home/m/mmehride/kazem/UFDB/SPD//Geo_1438.mtx,LBC,0.0433781,40,PASSED,
Sparse,20,1437960,1437960,32297325,0.00563916,0.0105566,1.34984,/home/m/mmehride/kazem/UFDB/SPD//Geo_1438.mtx,LBC,0.0432867,40,PASSED,
Sparse,50,1437960,1437960,32297325,0.00708544,0.01368,1.52911,/home/m/mmehride/kazem/UFDB/SPD//Geo_1438.mtx,LBC,0.0433802,40,PASSED,
Sparse,100,1437960,1437960,32297325,0.00555177,0.0133676,1.531,/home/m/mmehride/kazem/UFDB/SPD//Geo_1438.mtx,LBC,0.0432767,40,PASSED,
Sparse,200,1437960,1437960,32297325,0.00690071,0.0134476,1.54324,/home/m/mmehride/kazem/UFDB/SPD//Geo_1438.mtx,LBC,0.0433677,40,PASSED,
Sparse,2,17361,17361,519260,5.0847e-05,0.000174636,0.0144486,/home/m/mmehride/kazem/UFDB/SPD//gyro_k.mtx,LBC,0.000579896,40,PASSED,
Sparse,4,17361,17361,519260,4.8263e-05,0.000174924,0.0141305,/home/m/mmehride/kazem/UFDB/SPD//gyro_k.mtx,LBC,0.000577351,40,PASSED,
Sparse,6,17361,17361,519260,4.6678e-05,0.000190163,0.0141392,/home/m/mmehride/kazem/UFDB/SPD//gyro_k.mtx,LBC,0.000580518,40,PASSED,
Sparse,8,17361,17361,519260,4.5748e-05,0.000196962,0.0140338,/home/m/mmehride/kazem/UFDB/SPD//gyro_k.mtx,LBC,0.000580617,40,PASSED,
Sparse,10,17361,17361,519260,5.1069e-05,0.00021096,0.0141447,/home/m/mmehride/kazem/UFDB/SPD//gyro_k.mtx,LBC,0.000579985,40,PASSED,
Sparse,20,17361,17361,519260,4.4841e-05,0.00026791,0.0141423,/home/m/mmehride/kazem/UFDB/SPD//gyro_k.mtx,LBC,0.000577836,40,PASSED,
Sparse,50,17361,17361,519260,5.1183e-05,0.000484973,0.014588,/home/m/mmehride/kazem/UFDB/SPD//gyro_k.mtx,LBC,0.000589414,40,PASSED,
Sparse,100,17361,17361,519260,4.4992e-05,0.000628697,0.0151428,/home/m/mmehride/kazem/UFDB/SPD//gyro_k.mtx,LBC,0.000578416,40,PASSED,
Sparse,200,17361,17361,519260,4.83e-05,0.000627872,0.0150172,/home/m/mmehride/kazem/UFDB/SPD//gyro_k.mtx,LBC,0.000578882,40,PASSED,
Sparse,2,17361,17361,519260,4.8225e-05,0.00016587,0.0146328,/home/m/mmehride/kazem/UFDB/SPD//gyro.mtx,LBC,0.000585155,40,PASSED,
Sparse,4,17361,17361,519260,4.9984e-05,0.000172143,0.0141293,/home/m/mmehride/kazem/UFDB/SPD//gyro.mtx,LBC,0.000578548,40,PASSED,
Sparse,6,17361,17361,519260,4.4875e-05,0.000191023,0.0141354,/home/m/mmehride/kazem/UFDB/SPD//gyro.mtx,LBC,0.000579117,40,PASSED,
Sparse,8,17361,17361,519260,4.5142e-05,0.000205132,0.0140168,/home/m/mmehride/kazem/UFDB/SPD//gyro.mtx,LBC,0.000580274,40,PASSED,
Sparse,10,17361,17361,519260,5.232e-05,0.000210862,0.0141391,/home/m/mmehride/kazem/UFDB/SPD//gyro.mtx,LBC,0.000589202,40,PASSED,
Sparse,20,17361,17361,519260,5.0827e-05,0.000270457,0.0141623,/home/m/mmehride/kazem/UFDB/SPD//gyro.mtx,LBC,0.000578522,40,PASSED,
Sparse,50,17361,17361,519260,4.4892e-05,0.000486211,0.0143271,/home/m/mmehride/kazem/UFDB/SPD//gyro.mtx,LBC,0.000577701,40,PASSED,
Sparse,100,17361,17361,519260,4.6282e-05,0.00063021,0.0152245,/home/m/mmehride/kazem/UFDB/SPD//gyro.mtx,LBC,0.000577815,40,PASSED,
Sparse,200,17361,17361,519260,4.5623e-05,0.000633483,0.014802,/home/m/mmehride/kazem/UFDB/SPD//gyro.mtx,LBC,0.000577946,40,PASSED,
Sparse,2,220542,220542,5494489,0.000282801,0.000703904,0.161307,/home/m/mmehride/kazem/UFDB/SPD//hood.mtx,LBC,0.00700817,40,PASSED,
Sparse,4,220542,220542,5494489,0.000332989,0.000805319,0.16039,/home/m/mmehride/kazem/UFDB/SPD//hood.mtx,LBC,0.00707706,40,PASSED,
Sparse,6,220542,220542,5494489,0.000275327,0.000650148,0.158959,/home/m/mmehride/kazem/UFDB/SPD//hood.mtx,LBC,0.00696361,40,PASSED,
Sparse,8,220542,220542,5494489,0.000265587,0.000722024,0.159371,/home/m/mmehride/kazem/UFDB/SPD//hood.mtx,LBC,0.00698426,40,PASSED,
Sparse,10,220542,220542,5494489,0.000328735,0.000758413,0.158461,/home/m/mmehride/kazem/UFDB/SPD//hood.mtx,LBC,0.00700196,40,PASSED,
Sparse,20,220542,220542,5494489,0.00034427,0.000890546,0.157405,/home/m/mmehride/kazem/UFDB/SPD//hood.mtx,LBC,0.00698178,40,PASSED,
Sparse,50,220542,220542,5494489,0.000258625,0.00133089,0.157598,/home/m/mmehride/kazem/UFDB/SPD//hood.mtx,LBC,0.00697741,40,PASSED,
Sparse,100,220542,220542,5494489,0.000256161,0.00158062,0.156334,/home/m/mmehride/kazem/UFDB/SPD//hood.mtx,LBC,0.00698921,40,PASSED,
Sparse,200,220542,220542,5494489,0.000266699,0.00241163,0.155598,/home/m/mmehride/kazem/UFDB/SPD//hood.mtx,LBC,0.00697986,40,PASSED,
Sparse,2,1498023,1498023,31207734,0.00474951,0.00676941,1.40594,/home/m/mmehride/kazem/UFDB/SPD//Hook_1498.mtx,LBC,0.042396,40,PASSED,
Sparse,4,1498023,1498023,31207734,0.00591846,0.00888302,1.39504,/home/m/mmehride/kazem/UFDB/SPD//Hook_1498.mtx,LBC,0.042429,40,PASSED,
Sparse,6,1498023,1498023,31207734,0.00467914,0.00809119,1.40931,/home/m/mmehride/kazem/UFDB/SPD//Hook_1498.mtx,LBC,0.0424349,40,PASSED,
Sparse,8,1498023,1498023,31207734,0.00751055,0.00964523,1.40696,/home/m/mmehride/kazem/UFDB/SPD//Hook_1498.mtx,LBC,0.0424348,40,PASSED,
Sparse,10,1498023,1498023,31207734,0.00647501,0.00929454,1.39766,/home/m/mmehride/kazem/UFDB/SPD//Hook_1498.mtx,LBC,0.0420121,40,PASSED,
Sparse,20,1498023,1498023,31207734,0.005676,0.00981783,1.40152,/home/m/mmehride/kazem/UFDB/SPD//Hook_1498.mtx,LBC,0.0419215,40,PASSED,
Sparse,50,1498023,1498023,31207734,0.00565195,0.0120316,1.5474,/home/m/mmehride/kazem/UFDB/SPD//Hook_1498.mtx,LBC,0.0418983,40,PASSED,
Sparse,100,1498023,1498023,31207734,0.00616848,0.0121517,1.54667,/home/m/mmehride/kazem/UFDB/SPD//Hook_1498.mtx,LBC,0.0418746,40,PASSED,
Sparse,200,1498023,1498023,31207734,0.00536036,0.0118529,1.54435,/home/m/mmehride/kazem/UFDB/SPD//Hook_1498.mtx,LBC,0.0418694,40,PASSED,
Sparse,2,503712,503712,18660027,0.00326572,0.00394505,0.601442,/home/m/mmehride/kazem/UFDB/SPD//inline_1.mtx,LBC,0.0246073,40,PASSED,
Sparse,4,503712,503712,18660027,0.00299029,0.00425138,0.598354,/home/m/mmehride/kazem/UFDB/SPD//inline_1.mtx,LBC,0.0246621,40,PASSED,
Sparse,6,503712,503712,18660027,0.00275609,0.00399899,0.5979,/home/m/mmehride/kazem/UFDB/SPD//inline_1.mtx,LBC,0.0246909,40,PASSED,
Sparse,8,503712,503712,18660027,0.00229992,0.00375959,0.598524,/home/m/mmehride/kazem/UFDB/SPD//inline_1.mtx,LBC,0.024908,40,PASSED,
Sparse,10,503712,503712,18660027,0.00304261,0.00425204,0.599933,/home/m/mmehride/kazem/UFDB/SPD//inline_1.mtx,LBC,0.0249408,40,PASSED,
Sparse,20,503712,503712,18660027,0.00288172,0.00451335,0.600382,/home/m/mmehride/kazem/UFDB/SPD//inline_1.mtx,LBC,0.024942,40,PASSED,
Sparse,50,503712,503712,18660027,0.00310205,0.00604413,0.597771,/home/m/mmehride/kazem/UFDB/SPD//inline_1.mtx,LBC,0.0246359,40,PASSED,
Sparse,100,503712,503712,18660027,0.00289026,0.0060308,0.601099,/home/m/mmehride/kazem/UFDB/SPD//inline_1.mtx,LBC,0.024623,40,PASSED,
Sparse,200,503712,503712,18660027,0.00309626,0.00687586,0.596728,/home/m/mmehride/kazem/UFDB/SPD//inline_1.mtx,LBC,0.0246294,40,PASSED,
Sparse,2,952203,952203,23737339,0.00364346,0.00381989,0.768614,/home/m/mmehride/kazem/UFDB/SPD//ldoor.mtx,LBC,0.0307954,40,PASSED,
Sparse,4,952203,952203,23737339,0.00427959,0.00472738,0.760324,/home/m/mmehride/kazem/UFDB/SPD//ldoor.mtx,LBC,0.0308112,40,PASSED,
Sparse,6,952203,952203,23737339,0.00369863,0.00410355,0.759124,/home/m/mmehride/kazem/UFDB/SPD//ldoor.mtx,LBC,0.0307623,40,PASSED,
Sparse,8,952203,952203,23737339,0.00409099,0.00458582,0.757766,/home/m/mmehride/kazem/UFDB/SPD//ldoor.mtx,LBC,0.0307891,40,PASSED,
Sparse,10,952203,952203,23737339,0.00491872,0.00525835,0.759437,/home/m/mmehride/kazem/UFDB/SPD//ldoor.mtx,LBC,0.0308125,40,PASSED,
Sparse,20,952203,952203,23737339,0.00404746,0.00509652,0.758981,/home/m/mmehride/kazem/UFDB/SPD//ldoor.mtx,LBC,0.0308221,40,PASSED,
Sparse,50,952203,952203,23737339,0.00352287,0.00516453,0.7547,/home/m/mmehride/kazem/UFDB/SPD//ldoor.mtx,LBC,0.0307946,40,PASSED,
Sparse,100,952203,952203,23737339,0.00393433,0.00609011,0.747489,/home/m/mmehride/kazem/UFDB/SPD//ldoor.mtx,LBC,0.0308126,40,PASSED,
Sparse,200,952203,952203,23737339,0.00403759,0.00665199,0.738162,/home/m/mmehride/kazem/UFDB/SPD//ldoor.mtx,LBC,0.0307819,40,PASSED,
Sparse,2,10848,10848,620313,6.5788e-05,0.000314736,0.0170921,/home/m/mmehride/kazem/UFDB/SPD//msc10848.mtx,LBC,0.000718232,40,PASSED,
Sparse,4,10848,10848,620313,6.8107e-05,0.000330377,0.0169999,/home/m/mmehride/kazem/UFDB/SPD//msc10848.mtx,LBC,0.000719046,40,PASSED,
Sparse,6,10848,10848,620313,6.4884e-05,0.000379829,0.0163091,/home/m/mmehride/kazem/UFDB/SPD//msc10848.mtx,LBC,0.000715093,40,PASSED,
Sparse,8,10848,10848,620313,6.0729e-05,0.00037491,0.0170862,/home/m/mmehride/kazem/UFDB/SPD//msc10848.mtx,LBC,0.000719291,40,PASSED,
Sparse,10,10848,10848,620313,6.0881e-05,0.000381328,0.0163141,/home/m/mmehride/kazem/UFDB/SPD//msc10848.mtx,LBC,0.000717465,40,PASSED,
Sparse,20,10848,10848,620313,6.1371e-05,0.00046994,0.0171854,/home/m/mmehride/kazem/UFDB/SPD//msc10848.mtx,LBC,0.000719419,40,PASSED,
Sparse,50,10848,10848,620313,6.782e-05,0.000777413,0.018051,/home/m/mmehride/kazem/UFDB/SPD//msc10848.mtx,LBC,0.000717745,40,PASSED,
Sparse,100,10848,10848,620313,6.7651e-05,0.000758258,0.0171057,/home/m/mmehride/kazem/UFDB/SPD//msc10848.mtx,LBC,0.000719612,40,PASSED,
Sparse,200,10848,10848,620313,6.3223e-05,0.000754741,0.0176264,/home/m/mmehride/kazem/UFDB/SPD//msc10848.mtx,LBC,0.000717616,40,PASSED,
Sparse,2,23052,23052,588933,5.6158e-05,0.000205576,0.0159846,/home/m/mmehride/kazem/UFDB/SPD//msc23052.mtx,LBC,0.000642295,40,PASSED,
Sparse,4,23052,23052,588933,5.6676e-05,0.000213656,0.0157518,/home/m/mmehride/kazem/UFDB/SPD//msc23052.mtx,LBC,0.000643463,40,PASSED,
Sparse,6,23052,23052,588933,7.1339e-05,0.000219176,0.01494,/home/m/mmehride/kazem/UFDB/SPD//msc23052.mtx,LBC,0.000640368,40,PASSED,
Sparse,8,23052,23052,588933,6.9335e-05,0.000221158,0.0156629,/home/m/mmehride/kazem/UFDB/SPD//msc23052.mtx,LBC,0.000639869,40,PASSED,
Sparse,10,23052,23052,588933,5.4596e-05,0.000223466,0.015723,/home/m/mmehride/kazem/UFDB/SPD//msc23052.mtx,LBC,0.000648409,40,PASSED,
Sparse,20,23052,23052,588933,7.0046e-05,0.000273083,0.0158409,/home/m/mmehride/kazem/UFDB/SPD//msc23052.mtx,LBC,0.000648867,40,PASSED,
Sparse,50,23052,23052,588933,6.1698e-05,0.000537993,0.0167116,/home/m/mmehride/kazem/UFDB/SPD//msc23052.mtx,LBC,0.00082128,40,PASSED,
Sparse,100,23052,23052,588933,7.2302e-05,0.0005818,0.016784,/home/m/mmehride/kazem/UFDB/SPD//msc23052.mtx,LBC,0.000647579,40,PASSED,
Sparse,200,23052,23052,588933,5.7058e-05,0.000695852,0.0171027,/home/m/mmehride/kazem/UFDB/SPD//msc23052.mtx,LBC,0.000644448,40,PASSED,
Sparse,2,415863,415863,10328399,0.00289772,0.00299472,0.324843,/home/m/mmehride/kazem/UFDB/SPD//msdoor.mtx,LBC,0.0132706,40,PASSED,
Sparse,4,415863,415863,10328399,0.00139392,0.00161781,0.323784,/home/m/mmehride/kazem/UFDB/SPD//msdoor.mtx,LBC,0.0133571,40,PASSED,
Sparse,6,415863,415863,10328399,0.000971842,0.0015922,0.320841,/home/m/mmehride/kazem/UFDB/SPD//msdoor.mtx,LBC,0.0135184,40,PASSED,
Sparse,8,415863,415863,10328399,0.00110324,0.00160005,0.321783,/home/m/mmehride/kazem/UFDB/SPD//msdoor.mtx,LBC,0.0134967,40,PASSED,
Sparse,10,415863,415863,10328399,0.00103852,0.00157292,0.321538,/home/m/mmehride/kazem/UFDB/SPD//msdoor.mtx,LBC,0.0134958,40,PASSED,
Sparse,20,415863,415863,10328399,0.0017129,0.00178152,0.318929,/home/m/mmehride/kazem/UFDB/SPD//msdoor.mtx,LBC,0.0133294,40,PASSED,
Sparse,50,415863,415863,10328399,0.00171316,0.00254093,0.319476,/home/m/mmehride/kazem/UFDB/SPD//msdoor.mtx,LBC,0.0133727,40,PASSED,
Sparse,100,415863,415863,10328399,0.00114651,0.0024726,0.316998,/home/m/mmehride/kazem/UFDB/SPD//msdoor.mtx,LBC,0.0133474,40,PASSED,
Sparse,200,415863,415863,10328399,0.0015545,0.00312882,0.313352,/home/m/mmehride/kazem/UFDB/SPD//msdoor.mtx,LBC,0.0133716,40,PASSED,
Sparse,2,97578,97578,4925574,0.000340601,0.000872285,0.137562,/home/m/mmehride/kazem/UFDB/SPD//m_t1.mtx,LBC,0.00630121,40,PASSED,
Sparse,4,97578,97578,4925574,0.000407693,0.00108854,0.138676,/home/m/mmehride/kazem/UFDB/SPD//m_t1.mtx,LBC,0.00640348,40,PASSED,
Sparse,6,97578,97578,4925574,0.00042007,0.00120472,0.13716,/home/m/mmehride/kazem/UFDB/SPD//m_t1.mtx,LBC,0.00636316,40,PASSED,
Sparse,8,97578,97578,4925574,0.000385542,0.00105344,0.137437,/home/m/mmehride/kazem/UFDB/SPD//m_t1.mtx,LBC,0.00634918,40,PASSED,
Sparse,10,97578,97578,4925574,0.000312516,0.00106217,0.139299,/home/m/mmehride/kazem/UFDB/SPD//m_t1.mtx,LBC,0.00632585,40,PASSED,
Sparse,20,97578,97578,4925574,0.000419452,0.00161104,0.138666,/home/m/mmehride/kazem/UFDB/SPD//m_t1.mtx,LBC,0.00635503,40,PASSED,
Sparse,50,97578,97578,4925574,0.000318097,0.00252775,0.142076,/home/m/mmehride/kazem/UFDB/SPD//m_t1.mtx,LBC,0.00638422,40,PASSED,
Sparse,100,97578,97578,4925574,0.000428272,0.00293388,0.14295,/home/m/mmehride/kazem/UFDB/SPD//m_t1.mtx,LBC,0.00640171,40,PASSED,
Sparse,200,97578,97578,4925574,0.000327448,0.00396573,0.143157,/home/m/mmehride/kazem/UFDB/SPD//m_t1.mtx,LBC,0.00637268,40,PASSED,
Sparse,2,54870,54870,1366097,0.000115544,0.000280929,0.0387288,/home/m/mmehride/kazem/UFDB/SPD//nasasrb.mtx,LBC,0.00160151,40,PASSED,
Sparse,4,54870,54870,1366097,0.000118149,0.000294296,0.0383338,/home/m/mmehride/kazem/UFDB/SPD//nasasrb.mtx,LBC,0.0016385,40,PASSED,
Sparse,6,54870,54870,1366097,9.3489e-05,0.00031814,0.0381806,/home/m/mmehride/kazem/UFDB/SPD//nasasrb.mtx,LBC,0.0016003,40,PASSED,
Sparse,8,54870,54870,1366097,9.6178e-05,0.000316946,0.0381226,/home/m/mmehride/kazem/UFDB/SPD//nasasrb.mtx,LBC,0.00161711,40,PASSED,
Sparse,10,54870,54870,1366097,0.000123837,0.000316611,0.0382436,/home/m/mmehride/kazem/UFDB/SPD//nasasrb.mtx,LBC,0.00162323,40,PASSED,
Sparse,20,54870,54870,1366097,0.00011529,0.000437739,0.0382084,/home/m/mmehride/kazem/UFDB/SPD//nasasrb.mtx,LBC,0.00160209,40,PASSED,
Sparse,50,54870,54870,1366097,9.7975e-05,0.000654353,0.0380754,/home/m/mmehride/kazem/UFDB/SPD//nasasrb.mtx,LBC,0.00159251,40,PASSED,
Sparse,100,54870,54870,1366097,0.00012766,0.000869229,0.039503,/home/m/mmehride/kazem/UFDB/SPD//nasasrb.mtx,LBC,0.00160467,40,PASSED,
Sparse,200,54870,54870,1366097,9.6884e-05,0.00184359,0.0475996,/home/m/mmehride/kazem/UFDB/SPD//nasasrb.mtx,LBC,0.00159517,40,PASSED,
Sparse,2,36000,36000,7128473,0.000697802,0.00657208,0.2337,/home/m/mmehride/kazem/UFDB/SPD//nd12k.mtx,LBC,0.00983215,40,PASSED,
Sparse,4,36000,36000,7128473,0.00057991,0.00696147,0.23968,/home/m/mmehride/kazem/UFDB/SPD//nd12k.mtx,LBC,0.0099993,40,PASSED,
Sparse,6,36000,36000,7128473,0.000695497,0.00743939,0.236111,/home/m/mmehride/kazem/UFDB/SPD//nd12k.mtx,LBC,0.00997497,40,PASSED,
Sparse,8,36000,36000,7128473,0.000669485,0.00750324,0.238002,/home/m/mmehride/kazem/UFDB/SPD//nd12k.mtx,LBC,0.0099271,40,PASSED,
Sparse,10,36000,36000,7128473,0.000656055,0.00716084,0.236501,/home/m/mmehride/kazem/UFDB/SPD//nd12k.mtx,LBC,0.00990643,40,PASSED,
Sparse,20,36000,36000,7128473,0.000840769,0.0077562,0.237497,/home/m/mmehride/kazem/UFDB/SPD//nd12k.mtx,LBC,0.00991962,40,PASSED,
Sparse,50,36000,36000,7128473,0.000669657,0.0100238,0.249534,/home/m/mmehride/kazem/UFDB/SPD//nd12k.mtx,LBC,0.00991283,40,PASSED,
Sparse,100,36000,36000,7128473,0.000637911,0.0100332,0.251154,/home/m/mmehride/kazem/UFDB/SPD//nd12k.mtx,LBC,0.00991258,40,PASSED,
Sparse,200,36000,36000,7128473,0.000746965,0.0100168,0.250319,/home/m/mmehride/kazem/UFDB/SPD//nd12k.mtx,LBC,0.00990685,40,PASSED,
Sparse,2,72000,72000,14393817,0.00250543,0.0118008,0.486679,/home/m/mmehride/kazem/UFDB/SPD//nd24k.mtx,LBC,0.0203672,40,PASSED,
Sparse,4,72000,72000,14393817,0.00221999,0.0119573,0.486517,/home/m/mmehride/kazem/UFDB/SPD//nd24k.mtx,LBC,0.0204143,40,PASSED,
Sparse,6,72000,72000,14393817,0.00270638,0.0136115,0.492165,/home/m/mmehride/kazem/UFDB/SPD//nd24k.mtx,LBC,0.0204099,40,PASSED,
Sparse,8,72000,72000,14393817,0.00309932,0.013249,0.491092,/home/m/mmehride/kazem/UFDB/SPD//nd24k.mtx,LBC,0.0204499,40,PASSED,
Sparse,10,72000,72000,14393817,0.00241428,0.0129998,0.490436,/home/m/mmehride/kazem/UFDB/SPD//nd24k.mtx,LBC,0.0203499,40,PASSED,
Sparse,20,72000,72000,14393817,0.00243674,0.0138864,0.487509,/home/m/mmehride/kazem/UFDB/SPD//nd24k.mtx,LBC,0.0202636,40,PASSED,
Sparse,50,72000,72000,14393817,0.00235687,0.0198864,0.509949,/home/m/mmehride/kazem/UFDB/SPD//nd24k.mtx,LBC,0.0202749,40,PASSED,
Sparse,100,72000,72000,14393817,0.0022205,0.0202587,0.511982,/home/m/mmehride/kazem/UFDB/SPD//nd24k.mtx,LBC,0.0202548,40,PASSED,
Sparse,200,72000,72000,14393817,0.00241837,0.0206747,0.520771,/home/m/mmehride/kazem/UFDB/SPD//nd24k.mtx,LBC,0.0202919,40,PASSED,
Sparse,2,9000,9000,1644345,0.00013699,0.00171985,0.052395,/home/m/mmehride/kazem/UFDB/SPD//nd3k.mtx,LBC,0.00217648,40,PASSED,
Sparse,4,9000,9000,1644345,0.00012299,0.0016602,0.0523399,/home/m/mmehride/kazem/UFDB/SPD//nd3k.mtx,LBC,0.00216009,40,PASSED,
Sparse,6,9000,9000,1644345,0.000140919,0.00210294,0.0513394,/home/m/mmehride/kazem/UFDB/SPD//nd3k.mtx,LBC,0.00215471,40,PASSED,
Sparse,8,9000,9000,1644345,0.000140388,0.00205777,0.0518325,/home/m/mmehride/kazem/UFDB/SPD//nd3k.mtx,LBC,0.00215136,40,PASSED,
Sparse,10,9000,9000,1644345,0.000138143,0.00206874,0.0513119,/home/m/mmehride/kazem/UFDB/SPD//nd3k.mtx,LBC,0.00216967,40,PASSED,
Sparse,20,9000,9000,1644345,0.000132916,0.00167973,0.0521072,/home/m/mmehride/kazem/UFDB/SPD//nd3k.mtx,LBC,0.00212281,40,PASSED,
Sparse,50,9000,9000,1644345,0.000122253,0.00228259,0.0523126,/home/m/mmehride/kazem/UFDB/SPD//nd3k.mtx,LBC,0.00216694,40,PASSED,
Sparse,100,9000,9000,1644345,0.000135955,0.00218593,0.0520449,/home/m/mmehride/kazem/UFDB/SPD//nd3k.mtx,LBC,0.00215322,40,PASSED,
Sparse,200,9000,9000,1644345,0.000135896,0.00220856,0.0527356,/home/m/mmehride/kazem/UFDB/SPD//nd3k.mtx,LBC,0.00213006,40,PASSED,
Sparse,2,18000,18000,3457658,0.00030285,0.00370577,0.110863,/home/m/mmehride/kazem/UFDB/SPD//nd6k.mtx,LBC,0.00462613,40,PASSED,
Sparse,4,18000,18000,3457658,0.000262712,0.00375545,0.111172,/home/m/mmehride/kazem/UFDB/SPD//nd6k.mtx,LBC,0.00464799,40,PASSED,
Sparse,6,18000,18000,3457658,0.000267783,0.00440788,0.111855,/home/m/mmehride/kazem/UFDB/SPD//nd6k.mtx,LBC,0.00464309,40,PASSED,
Sparse,8,18000,18000,3457658,0.000276407,0.00392722,0.111692,/home/m/mmehride/kazem/UFDB/SPD//nd6k.mtx,LBC,0.00457642,40,PASSED,
Sparse,10,18000,18000,3457658,0.000265243,0.00385583,0.111731,/home/m/mmehride/kazem/UFDB/SPD//nd6k.mtx,LBC,0.00462282,40,PASSED,
Sparse,20,18000,18000,3457658,0.000286463,0.0033756,0.111566,/home/m/mmehride/kazem/UFDB/SPD//nd6k.mtx,LBC,0.00459705,40,PASSED,
Sparse,50,18000,18000,3457658,0.000285983,0.00487249,0.11372,/home/m/mmehride/kazem/UFDB/SPD//nd6k.mtx,LBC,0.00460672,40,PASSED,
Sparse,100,18000,18000,3457658,0.000278569,0.00490101,0.114819,/home/m/mmehride/kazem/UFDB/SPD//nd6k.mtx,LBC,0.00458123,40,PASSED,
Sparse,200,18000,18000,3457658,0.000272053,0.00486453,0.114637,/home/m/mmehride/kazem/UFDB/SPD//nd6k.mtx,LBC,0.00462332,40,PASSED,
Sparse,2,259789,259789,2251231,0.000224289,0.000677204,0.121241,/home/m/mmehride/kazem/UFDB/SPD//offshore.mtx,LBC,0.00373881,40,PASSED,
Sparse,4,259789,259789,2251231,0.000245334,0.000710695,0.117908,/home/m/mmehride/kazem/UFDB/SPD//offshore.mtx,LBC,0.00374602,40,PASSED,
Sparse,6,259789,259789,2251231,0.000211512,0.000718604,0.117259,/home/m/mmehride/kazem/UFDB/SPD//offshore.mtx,LBC,0.00373411,40,PASSED,
Sparse,8,259789,259789,2251231,0.000306984,0.000781521,0.116447,/home/m/mmehride/kazem/UFDB/SPD//offshore.mtx,LBC,0.00370637,40,PASSED,
Sparse,10,259789,259789,2251231,0.000248964,0.000748017,0.117677,/home/m/mmehride/kazem/UFDB/SPD//offshore.mtx,LBC,0.00375477,40,PASSED,
Sparse,20,259789,259789,2251231,0.000264647,0.000775455,0.117993,/home/m/mmehride/kazem/UFDB/SPD//offshore.mtx,LBC,0.00374938,40,PASSED,
Sparse,50,259789,259789,2251231,0.000250111,0.0010539,0.120622,/home/m/mmehride/kazem/UFDB/SPD//offshore.mtx,LBC,0.00374153,40,PASSED,
Sparse,100,259789,259789,2251231,0.000246658,0.00115344,0.119417,/home/m/mmehride/kazem/UFDB/SPD//offshore.mtx,LBC,0.00376242,40,PASSED,
Sparse,200,259789,259789,2251231,0.000310226,0.0013272,0.11776,/home/m/mmehride/kazem/UFDB/SPD//offshore.mtx,LBC,0.00374851,40,PASSED,
Sparse,2,73752,73752,1835470,0.000162,0.000352222,0.0479181,/home/m/mmehride/kazem/UFDB/SPD//oilpan.mtx,LBC,0.00216479,40,PASSED,
Sparse,4,73752,73752,1835470,0.000164417,0.000372927,0.0483006,/home/m/mmehride/kazem/UFDB/SPD//oilpan.mtx,LBC,0.00216643,40,PASSED,
Sparse,6,73752,73752,1835470,0.000169028,0.000406472,0.0471456,/home/m/mmehride/kazem/UFDB/SPD//oilpan.mtx,LBC,0.00218885,40,PASSED,
Sparse,8,73752,73752,1835470,0.000167112,0.000372706,0.0471125,/home/m/mmehride/kazem/UFDB/SPD//oilpan.mtx,LBC,0.00218025,40,PASSED,
Sparse,10,73752,73752,1835470,0.00017443,0.000374773,0.0471386,/home/m/mmehride/kazem/UFDB/SPD//oilpan.mtx,LBC,0.00220389,40,PASSED,
Sparse,20,73752,73752,1835470,0.000176223,0.000448859,0.0470405,/home/m/mmehride/kazem/UFDB/SPD//oilpan.mtx,LBC,0.00216989,40,PASSED,
Sparse,50,73752,73752,1835470,0.000165229,0.000818457,0.0473897,/home/m/mmehride/kazem/UFDB/SPD//oilpan.mtx,LBC,0.00216348,40,PASSED,
Sparse,100,73752,73752,1835470,0.000171867,0.00116913,0.0479966,/home/m/mmehride/kazem/UFDB/SPD//oilpan.mtx,LBC,0.0022015,40,PASSED,
Sparse,200,73752,73752,1835470,0.000140834,0.00273811,0.0603482,/home/m/mmehride/kazem/UFDB/SPD//oilpan.mtx,LBC,0.00216925,40,PASSED,
Sparse,2,16146,16146,515651,4.6381e-05,0.000196304,0.0143347,/home/m/mmehride/kazem/UFDB/SPD//olafu.mtx,LBC,0.000562533,40,PASSED,
Sparse,4,16146,16146,515651,4.2931e-05,0.00018426,0.0141443,/home/m/mmehride/kazem/UFDB/SPD//olafu.mtx,LBC,0.000561842,40,PASSED,
Sparse,6,16146,16146,515651,5.0971e-05,0.000205396,0.0140937,/home/m/mmehride/kazem/UFDB/SPD//olafu.mtx,LBC,0.000561137,40,PASSED,
Sparse,8,16146,16146,515651,5.0698e-05,0.000209142,0.0142324,/home/m/mmehride/kazem/UFDB/SPD//olafu.mtx,LBC,0.000575139,40,PASSED,
Sparse,10,16146,16146,515651,4.6092e-05,0.000203084,0.0141248,/home/m/mmehride/kazem/UFDB/SPD//olafu.mtx,LBC,0.000563315,40,PASSED,
Sparse,20,16146,16146,515651,5.3013e-05,0.00025895,0.0141669,/home/m/mmehride/kazem/UFDB/SPD//olafu.mtx,LBC,0.000562368,40,PASSED,
Sparse,50,16146,16146,515651,4.9369e-05,0.000494909,0.0145503,/home/m/mmehride/kazem/UFDB/SPD//olafu.mtx,LBC,0.000563966,40,PASSED,
Sparse,100,16146,16146,515651,4.3612e-05,0.000606973,0.0149476,/home/m/mmehride/kazem/UFDB/SPD//olafu.mtx,LBC,0.000562431,40,PASSED,
Sparse,200,16146,16146,515651,4.272e-05,0.00060718,0.0150028,/home/m/mmehride/kazem/UFDB/SPD//olafu.mtx,LBC,0.000562724,40,PASSED,
Sparse,2,525825,525825,2100225,0.000216918,0.000495166,0.161259,/home/m/mmehride/kazem/UFDB/SPD//parabolic_fem.mtx,LBC,0.00428955,40,PASSED,
Sparse,4,525825,525825,2100225,0.000188504,0.000543703,0.154458,/home/m/mmehride/kazem/UFDB/SPD//parabolic_fem.mtx,LBC,0.00432896,40,PASSED,
Sparse,6,525825,525825,2100225,0.000250487,0.000461223,0.152259,/home/m/mmehride/kazem/UFDB/SPD//parabolic_fem.mtx,LBC,0.00427667,40,PASSED,
Sparse,8,525825,525825,2100225,0.000259963,0.000452516,0.149881,/home/m/mmehride/kazem/UFDB/SPD//parabolic_fem.mtx,LBC,0.00423873,40,PASSED,
Sparse,10,525825,525825,2100225,0.000191473,0.000419453,0.150613,/home/m/mmehride/kazem/UFDB/SPD//parabolic_fem.mtx,LBC,0.00431703,40,PASSED,
Sparse,20,525825,525825,2100225,0.000184054,0.000477457,0.151003,/home/m/mmehride/kazem/UFDB/SPD//parabolic_fem.mtx,LBC,0.00432945,40,PASSED,
Sparse,50,525825,525825,2100225,0.000239608,0.000678886,0.1485,/home/m/mmehride/kazem/UFDB/SPD//parabolic_fem.mtx,LBC,0.00432334,40,PASSED,
Sparse,100,525825,525825,2100225,0.000256155,0.000777308,0.13991,/home/m/mmehride/kazem/UFDB/SPD//parabolic_fem.mtx,LBC,0.00432088,40,PASSED,
Sparse,200,525825,525825,2100225,0.000206272,0.00131834,0.131656,/home/m/mmehride/kazem/UFDB/SPD//parabolic_fem.mtx,LBC,0.00421103,40,PASSED,
Sparse,2,36417,36417,2190591,0.000143626,0.000627359,0.0618928,/home/m/mmehride/kazem/UFDB/SPD//pdb1HYS.mtx,LBC,0.00270769,40,PASSED,
Sparse,4,36417,36417,2190591,0.000136836,0.000718353,0.0616784,/home/m/mmehride/kazem/UFDB/SPD//pdb1HYS.mtx,LBC,0.00264522,40,PASSED,
Sparse,6,36417,36417,2190591,0.000141844,0.000907144,0.0610619,/home/m/mmehride/kazem/UFDB/SPD//pdb1HYS.mtx,LBC,0.00270651,40,PASSED,
Sparse,8,36417,36417,2190591,0.000135373,0.00100509,0.0616899,/home/m/mmehride/kazem/UFDB/SPD//pdb1HYS.mtx,LBC,0.00312624,40,PASSED,
Sparse,10,36417,36417,2190591,0.000144426,0.000910629,0.0618314,/home/m/mmehride/kazem/UFDB/SPD//pdb1HYS.mtx,LBC,0.00269202,40,PASSED,
Sparse,20,36417,36417,2190591,0.000155179,0.00111612,0.0614602,/home/m/mmehride/kazem/UFDB/SPD//pdb1HYS.mtx,LBC,0.00271799,40,PASSED,
Sparse,50,36417,36417,2190591,0.000152896,0.00250602,0.0637245,/home/m/mmehride/kazem/UFDB/SPD//pdb1HYS.mtx,LBC,0.00316765,40,PASSED,
Sparse,100,36417,36417,2190591,0.000129112,0.00252282,0.0636588,/home/m/mmehride/kazem/UFDB/SPD//pdb1HYS.mtx,LBC,0.00275273,40,PASSED,
Sparse,200,36417,36417,2190591,0.000138425,0.00297554,0.0678804,/home/m/mmehride/kazem/UFDB/SPD//pdb1HYS.mtx,LBC,0.00268403,40,PASSED,
Sparse,2,742793,742793,18940627,0.00287618,0.00422594,0.79679,/home/m/mmehride/kazem/UFDB/SPD//PFlow_742.mtx,LBC,0.025543,40,PASSED,
Sparse,4,742793,742793,18940627,0.0035144,0.0047552,0.793902,/home/m/mmehride/kazem/UFDB/SPD//PFlow_742.mtx,LBC,0.0255144,40,PASSED,
Sparse,6,742793,742793,18940627,0.00347204,0.00512643,0.795786,/home/m/mmehride/kazem/UFDB/SPD//PFlow_742.mtx,LBC,0.0254902,40,PASSED,
Sparse,8,742793,742793,18940627,0.00310113,0.00509153,0.793828,/home/m/mmehride/kazem/UFDB/SPD//PFlow_742.mtx,LBC,0.0254711,40,PASSED,
Sparse,10,742793,742793,18940627,0.00347016,0.00526045,0.795129,/home/m/mmehride/kazem/UFDB/SPD//PFlow_742.mtx,LBC,0.0254426,40,PASSED,
Sparse,20,742793,742793,18940627,0.00367788,0.00566147,0.799045,/home/m/mmehride/kazem/UFDB/SPD//PFlow_742.mtx,LBC,0.0254832,40,PASSED,
Sparse,50,742793,742793,18940627,0.00348504,0.00712554,0.818883,/home/m/mmehride/kazem/UFDB/SPD//PFlow_742.mtx,LBC,0.0254232,40,PASSED,
Sparse,100,742793,742793,18940627,0.0031952,0.00743713,0.820413,/home/m/mmehride/kazem/UFDB/SPD//PFlow_742.mtx,LBC,0.0254963,40,PASSED,
Sparse,200,742793,742793,18940627,0.00302989,0.00755647,0.81777,/home/m/mmehride/kazem/UFDB/SPD//PFlow_742.mtx,LBC,0.0255271,40,PASSED,
Sparse,2,217918,217918,5926171,0.000353439,0.000742382,0.169064,/home/m/mmehride/kazem/UFDB/SPD//pwtk.mtx,LBC,0.00757192,40,PASSED,
Sparse,4,217918,217918,5926171,0.000349084,0.000772712,0.167259,/home/m/mmehride/kazem/UFDB/SPD//pwtk.mtx,LBC,0.00758438,40,PASSED,
Sparse,6,217918,217918,5926171,0.000282463,0.000878173,0.166339,/home/m/mmehride/kazem/UFDB/SPD//pwtk.mtx,LBC,0.00757752,40,PASSED,
Sparse,8,217918,217918,5926171,0.00028826,0.000848959,0.166324,/home/m/mmehride/kazem/UFDB/SPD//pwtk.mtx,LBC,0.00756931,40,PASSED,
Sparse,10,217918,217918,5926171,0.000288338,0.000826359,0.166381,/home/m/mmehride/kazem/UFDB/SPD//pwtk.mtx,LBC,0.00757056,40,PASSED,
Sparse,20,217918,217918,5926171,0.000278909,0.00102063,0.165433,/home/m/mmehride/kazem/UFDB/SPD//pwtk.mtx,LBC,0.00759056,40,PASSED,
Sparse,50,217918,217918,5926171,0.000265472,0.0016802,0.168114,/home/m/mmehride/kazem/UFDB/SPD//pwtk.mtx,LBC,0.0076684,40,PASSED,
Sparse,100,217918,217918,5926171,0.000381925,0.00186734,0.169252,/home/m/mmehride/kazem/UFDB/SPD//pwtk.mtx,LBC,0.00766094,40,PASSED,
Sparse,200,217918,217918,5926171,0.00033833,0.002604,0.166792,/home/m/mmehride/kazem/UFDB/SPD//pwtk.mtx,LBC,0.00770954,40,PASSED,
Sparse,2,66127,66127,863353,9.3387e-05,0.000335745,0.0312011,/home/m/mmehride/kazem/UFDB/SPD//qa8fm.mtx,LBC,0.00104972,40,PASSED,
Sparse,4,66127,66127,863353,0.000105071,0.00031448,0.0299994,/home/m/mmehride/kazem/UFDB/SPD//qa8fm.mtx,LBC,0.00103308,40,PASSED,
Sparse,6,66127,66127,863353,0.00012574,0.000361199,0.0308881,/home/m/mmehride/kazem/UFDB/SPD//qa8fm.mtx,LBC,0.0010406,40,PASSED,
Sparse,8,66127,66127,863353,0.000101193,0.000435274,0.0307419,/home/m/mmehride/kazem/UFDB/SPD//qa8fm.mtx,LBC,0.00138585,40,PASSED,
Sparse,10,66127,66127,863353,0.000113314,0.000369225,0.0308604,/home/m/mmehride/kazem/UFDB/SPD//qa8fm.mtx,LBC,0.00103564,40,PASSED,
Sparse,20,66127,66127,863353,9.1596e-05,0.000372421,0.0306697,/home/m/mmehride/kazem/UFDB/SPD//qa8fm.mtx,LBC,0.00103377,40,PASSED,
Sparse,50,66127,66127,863353,9.1923e-05,0.0005358,0.0326477,/home/m/mmehride/kazem/UFDB/SPD//qa8fm.mtx,LBC,0.00102994,40,PASSED,
Sparse,100,66127,66127,863353,0.000111377,0.000639607,0.0336467,/home/m/mmehride/kazem/UFDB/SPD//qa8fm.mtx,LBC,0.00104505,40,PASSED,
Sparse,200,66127,66127,863353,0.000106838,0.00124991,0.0633139,/home/m/mmehride/kazem/UFDB/SPD//qa8fm.mtx,LBC,0.00104519,40,PASSED,
Sparse,2,4147110,4147110,166823197,0.0419933,0.0457639,7.33776,/home/m/mmehride/kazem/UFDB/SPD//Queen_4147.mtx,LBC,0.224584,40,PASSED,
Sparse,4,4147110,4147110,166823197,0.0303202,0.0447797,7.34734,/home/m/mmehride/kazem/UFDB/SPD//Queen_4147.mtx,LBC,0.223627,40,PASSED,
Sparse,6,4147110,4147110,166823197,0.0320954,0.0526225,7.48301,/home/m/mmehride/kazem/UFDB/SPD//Queen_4147.mtx,LBC,0.224304,40,PASSED,
Sparse,8,4147110,4147110,166823197,0.035122,0.0508421,7.47283,/home/m/mmehride/kazem/UFDB/SPD//Queen_4147.mtx,LBC,0.223724,40,PASSED,
Sparse,10,4147110,4147110,166823197,0.0367691,0.0506427,7.51457,/home/m/mmehride/kazem/UFDB/SPD//Queen_4147.mtx,LBC,0.22387,40,PASSED,
Sparse,20,4147110,4147110,166823197,0.0264497,0.0454012,7.67213,/home/m/mmehride/kazem/UFDB/SPD//Queen_4147.mtx,LBC,0.225704,40,PASSED,
Sparse,50,4147110,4147110,166823197,0.0291052,0.0574935,8.60729,/home/m/mmehride/kazem/UFDB/SPD//Queen_4147.mtx,LBC,0.225823,40,PASSED,
Sparse,100,4147110,4147110,166823197,0.0270184,0.0574345,8.6331,/home/m/mmehride/kazem/UFDB/SPD//Queen_4147.mtx,LBC,0.226703,40,PASSED,
Sparse,200,4147110,4147110,166823197,0.0321837,0.0642044,8.43733,/home/m/mmehride/kazem/UFDB/SPD//Queen_4147.mtx,LBC,0.223144,40,PASSED,
Sparse,2,19779,19779,674195,7.6415e-05,0.000267681,0.017919,/home/m/mmehride/kazem/UFDB/SPD//raefsky4.mtx,LBC,0.000739318,40,PASSED,
Sparse,4,19779,19779,674195,6.2098e-05,0.000276246,0.0177958,/home/m/mmehride/kazem/UFDB/SPD//raefsky4.mtx,LBC,0.000739488,40,PASSED,
Sparse,6,19779,19779,674195,6.2934e-05,0.000302574,0.0176217,/home/m/mmehride/kazem/UFDB/SPD//raefsky4.mtx,LBC,0.00073869,40,PASSED,
Sparse,8,19779,19779,674195,7.1982e-05,0.000310362,0.0177922,/home/m/mmehride/kazem/UFDB/SPD//raefsky4.mtx,LBC,0.000737731,40,PASSED,
Sparse,10,19779,19779,674195,6.1193e-05,0.000294607,0.0176641,/home/m/mmehride/kazem/UFDB/SPD//raefsky4.mtx,LBC,0.000736062,40,PASSED,
Sparse,20,19779,19779,674195,6.2092e-05,0.000445208,0.0197849,/home/m/mmehride/kazem/UFDB/SPD//raefsky4.mtx,LBC,0.000927848,40,PASSED,
Sparse,50,19779,19779,674195,7.0593e-05,0.000658687,0.0184301,/home/m/mmehride/kazem/UFDB/SPD//raefsky4.mtx,LBC,0.00073745,40,PASSED,
Sparse,100,19779,19779,674195,7.2018e-05,0.000789344,0.0200969,/home/m/mmehride/kazem/UFDB/SPD//raefsky4.mtx,LBC,0.000732367,40,PASSED,
Sparse,200,19779,19779,674195,6.9793e-05,0.000794581,0.0208221,/home/m/mmehride/kazem/UFDB/SPD//raefsky4.mtx,LBC,0.000734572,40,PASSED,
Sparse,2,90449,90449,2455670,0.000183475,0.000387126,0.0632659,/home/m/mmehride/kazem/UFDB/SPD//s3dkq4m2.mtx,LBC,0.00294898,40,PASSED,
Sparse,4,90449,90449,2455670,0.000186033,0.000398629,0.06178,/home/m/mmehride/kazem/UFDB/SPD//s3dkq4m2.mtx,LBC,0.00291398,40,PASSED,
Sparse,6,90449,90449,2455670,0.000187719,0.000435992,0.0623291,/home/m/mmehride/kazem/UFDB/SPD//s3dkq4m2.mtx,LBC,0.00293344,40,PASSED,
Sparse,8,90449,90449,2455670,0.000184267,0.000437959,0.0621849,/home/m/mmehride/kazem/UFDB/SPD//s3dkq4m2.mtx,LBC,0.00290517,40,PASSED,
Sparse,10,90449,90449,2455670,0.000148407,0.00040684,0.0623051,/home/m/mmehride/kazem/UFDB/SPD//s3dkq4m2.mtx,LBC,0.00292634,40,PASSED,
Sparse,20,90449,90449,2455670,0.00014929,0.000505946,0.0621808,/home/m/mmehride/kazem/UFDB/SPD//s3dkq4m2.mtx,LBC,0.0028926,40,PASSED,
Sparse,50,90449,90449,2455670,0.00014755,0.000845989,0.0630776,/home/m/mmehride/kazem/UFDB/SPD//s3dkq4m2.mtx,LBC,0.00293208,40,PASSED,
Sparse,100,90449,90449,2455670,0.000181208,0.00102509,0.0633174,/home/m/mmehride/kazem/UFDB/SPD//s3dkq4m2.mtx,LBC,0.00290738,40,PASSED,
Sparse,200,90449,90449,2455670,0.00018694,0.00171329,0.0657365,/home/m/mmehride/kazem/UFDB/SPD//s3dkq4m2.mtx,LBC,0.00296382,40,PASSED,
Sparse,2,90449,90449,1921955,0.000150249,0.000344244,0.053368,/home/m/mmehride/kazem/UFDB/SPD//s3dkt3m2.mtx,LBC,0.00227762,40,PASSED,
Sparse,4,90449,90449,1921955,0.000114029,0.000334814,0.0526199,/home/m/mmehride/kazem/UFDB/SPD//s3dkt3m2.mtx,LBC,0.00224601,40,PASSED,
Sparse,6,90449,90449,1921955,0.00014309,0.000354147,0.0525246,/home/m/mmehride/kazem/UFDB/SPD//s3dkt3m2.mtx,LBC,0.0022462,40,PASSED,
Sparse,8,90449,90449,1921955,0.000151982,0.000380176,0.0524622,/home/m/mmehride/kazem/UFDB/SPD//s3dkt3m2.mtx,LBC,0.00223913,40,PASSED,
Sparse,10,90449,90449,1921955,0.0001553,0.000364863,0.051609,/home/m/mmehride/kazem/UFDB/SPD//s3dkt3m2.mtx,LBC,0.00227351,40,PASSED,
Sparse,20,90449,90449,1921955,0.000115547,0.000400424,0.0523284,/home/m/mmehride/kazem/UFDB/SPD//s3dkt3m2.mtx,LBC,0.00227153,40,PASSED,
Sparse,50,90449,90449,1921955,0.000127447,0.000647699,0.0530086,/home/m/mmehride/kazem/UFDB/SPD//s3dkt3m2.mtx,LBC,0.00224678,40,PASSED,
Sparse,100,90449,90449,1921955,0.000126035,0.000802504,0.0531147,/home/m/mmehride/kazem/UFDB/SPD//s3dkt3m2.mtx,LBC,0.00225909,40,PASSED,
Sparse,200,90449,90449,1921955,0.000111251,0.00143573,0.0560846,/home/m/mmehride/kazem/UFDB/SPD//s3dkt3m2.mtx,LBC,0.00225305,40,PASSED,
Sparse,2,1391349,1391349,32961525,0.0077961,0.0101529,1.35672,/home/m/mmehride/kazem/UFDB/SPD//Serena.mtx,LBC,0.044806,40,PASSED,
Sparse,4,1391349,1391349,32961525,0.0060547,0.0118596,1.34882,/home/m/mmehride/kazem/UFDB/SPD//Serena.mtx,LBC,0.0448594,40,PASSED,
Sparse,6,1391349,1391349,32961525,0.00911949,0.0129637,1.40569,/home/m/mmehride/kazem/UFDB/SPD//Serena.mtx,LBC,0.0448081,40,PASSED,
Sparse,8,1391349,1391349,32961525,0.00846761,0.012524,1.39119,/home/m/mmehride/kazem/UFDB/SPD//Serena.mtx,LBC,0.044899,40,PASSED,
Sparse,10,1391349,1391349,32961525,0.00911028,0.0126179,1.38192,/home/m/mmehride/kazem/UFDB/SPD//Serena.mtx,LBC,0.0448978,40,PASSED,
Sparse,20,1391349,1391349,32961525,0.00594379,0.0136887,1.39988,/home/m/mmehride/kazem/UFDB/SPD//Serena.mtx,LBC,0.0445224,40,PASSED,
Sparse,50,1391349,1391349,32961525,0.00737481,0.014742,1.653,/home/m/mmehride/kazem/UFDB/SPD//Serena.mtx,LBC,0.0443061,40,PASSED,
Sparse,100,1391349,1391349,32961525,0.0061506,0.0156379,1.6575,/home/m/mmehride/kazem/UFDB/SPD//Serena.mtx,LBC,0.0443713,40,PASSED,
Sparse,200,1391349,1391349,32961525,0.00768398,0.0145989,1.65142,/home/m/mmehride/kazem/UFDB/SPD//Serena.mtx,LBC,0.0443243,40,PASSED,
Sparse,2,34920,34920,2339575,0.000180884,0.000740938,0.0626992,/home/m/mmehride/kazem/UFDB/SPD//ship_001.mtx,LBC,0.00297198,40,PASSED,
Sparse,4,34920,34920,2339575,0.000193392,0.000904918,0.062791,/home/m/mmehride/kazem/UFDB/SPD//ship_001.mtx,LBC,0.00296423,40,PASSED,
Sparse,6,34920,34920,2339575,0.000176411,0.00106806,0.0628855,/home/m/mmehride/kazem/UFDB/SPD//ship_001.mtx,LBC,0.00290974,40,PASSED,
Sparse,8,34920,34920,2339575,0.000176521,0.000984012,0.0626835,/home/m/mmehride/kazem/UFDB/SPD//ship_001.mtx,LBC,0.00293999,40,PASSED,
Sparse,10,34920,34920,2339575,0.000171005,0.00100087,0.0635709,/home/m/mmehride/kazem/UFDB/SPD//ship_001.mtx,LBC,0.00295949,40,PASSED,
Sparse,20,34920,34920,2339575,0.000189862,0.00126117,0.0630526,/home/m/mmehride/kazem/UFDB/SPD//ship_001.mtx,LBC,0.00295355,40,PASSED,
Sparse,50,34920,34920,2339575,0.000170875,0.00238828,0.0643601,/home/m/mmehride/kazem/UFDB/SPD//ship_001.mtx,LBC,0.00298885,40,PASSED,
Sparse,100,34920,34920,2339575,0.00016659,0.00268712,0.0652152,/home/m/mmehride/kazem/UFDB/SPD//ship_001.mtx,LBC,0.00295091,40,PASSED,
Sparse,200,34920,34920,2339575,0.000175549,0.00325967,0.070143,/home/m/mmehride/kazem/UFDB/SPD//ship_001.mtx,LBC,0.00295107,40,PASSED,
Sparse,2,121728,121728,4103881,0.000382849,0.000921999,0.114302,/home/m/mmehride/kazem/UFDB/SPD//ship_003.mtx,LBC,0.00511425,40,PASSED,
Sparse,4,121728,121728,4103881,0.000300217,0.0010421,0.114032,/home/m/mmehride/kazem/UFDB/SPD//ship_003.mtx,LBC,0.00506211,40,PASSED,
Sparse,6,121728,121728,4103881,0.000381595,0.00113801,0.113368,/home/m/mmehride/kazem/UFDB/SPD//ship_003.mtx,LBC,0.00507262,40,PASSED,
Sparse,8,121728,121728,4103881,0.000295382,0.0011385,0.113647,/home/m/mmehride/kazem/UFDB/SPD//ship_003.mtx,LBC,0.00507551,40,PASSED,
Sparse,10,121728,121728,4103881,0.000302137,0.00112955,0.114197,/home/m/mmehride/kazem/UFDB/SPD//ship_003.mtx,LBC,0.00512235,40,PASSED,
Sparse,20,121728,121728,4103881,0.000378401,0.00140102,0.114507,/home/m/mmehride/kazem/UFDB/SPD//ship_003.mtx,LBC,0.00508046,40,PASSED,
Sparse,50,121728,121728,4103881,0.000388331,0.00234881,0.11869,/home/m/mmehride/kazem/UFDB/SPD//ship_003.mtx,LBC,0.00509706,40,PASSED,
Sparse,100,121728,121728,4103881,0.000373041,0.00260762,0.11919,/home/m/mmehride/kazem/UFDB/SPD//ship_003.mtx,LBC,0.00507066,40,PASSED,
Sparse,200,121728,121728,4103881,0.000293455,0.00340941,0.122641,/home/m/mmehride/kazem/UFDB/SPD//ship_003.mtx,LBC,0.00509382,40,PASSED,
Sparse,2,140874,140874,3977139,0.000354128,0.000682717,0.107364,/home/m/mmehride/kazem/UFDB/SPD//shipsec1.mtx,LBC,0.0049072,40,PASSED,
Sparse,4,140874,140874,3977139,0.00028044,0.000728268,0.10579,/home/m/mmehride/kazem/UFDB/SPD//shipsec1.mtx,LBC,0.00486733,40,PASSED,
Sparse,6,140874,140874,3977139,0.000275282,0.000847749,0.105406,/home/m/mmehride/kazem/UFDB/SPD//shipsec1.mtx,LBC,0.00487309,40,PASSED,
Sparse,8,140874,140874,3977139,0.000351342,0.000810408,0.105642,/home/m/mmehride/kazem/UFDB/SPD//shipsec1.mtx,LBC,0.00483661,40,PASSED,
Sparse,10,140874,140874,3977139,0.000285164,0.000817829,0.1058,/home/m/mmehride/kazem/UFDB/SPD//shipsec1.mtx,LBC,0.00490921,40,PASSED,
Sparse,20,140874,140874,3977139,0.000360929,0.000948511,0.105516,/home/m/mmehride/kazem/UFDB/SPD//shipsec1.mtx,LBC,0.00489894,40,PASSED,
Sparse,50,140874,140874,3977139,0.000372814,0.00162932,0.107683,/home/m/mmehride/kazem/UFDB/SPD//shipsec1.mtx,LBC,0.00487621,40,PASSED,
Sparse,100,140874,140874,3977139,0.000355574,0.00227555,0.108304,/home/m/mmehride/kazem/UFDB/SPD//shipsec1.mtx,LBC,0.00500949,40,PASSED,
Sparse,200,140874,140874,3977139,0.000290829,0.00289292,0.112313,/home/m/mmehride/kazem/UFDB/SPD//shipsec1.mtx,LBC,0.00491973,40,PASSED,
Sparse,2,179860,179860,5146478,0.000454614,0.000975523,0.146649,/home/m/mmehride/kazem/UFDB/SPD//shipsec5.mtx,LBC,0.00645166,40,PASSED,
Sparse,4,179860,179860,5146478,0.000361477,0.00104187,0.145669,/home/m/mmehride/kazem/UFDB/SPD//shipsec5.mtx,LBC,0.00648851,40,PASSED,
Sparse,6,179860,179860,5146478,0.00037286,0.00117345,0.145384,/home/m/mmehride/kazem/UFDB/SPD//shipsec5.mtx,LBC,0.00646122,40,PASSED,
Sparse,8,179860,179860,5146478,0.000368014,0.00115446,0.144849,/home/m/mmehride/kazem/UFDB/SPD//shipsec5.mtx,LBC,0.00647368,40,PASSED,
Sparse,10,179860,179860,5146478,0.000371975,0.00143027,0.146291,/home/m/mmehride/kazem/UFDB/SPD//shipsec5.mtx,LBC,0.00645296,40,PASSED,
Sparse,20,179860,179860,5146478,0.000359727,0.00143831,0.147192,/home/m/mmehride/kazem/UFDB/SPD//shipsec5.mtx,LBC,0.00646577,40,PASSED,
Sparse,50,179860,179860,5146478,0.00046093,0.00218349,0.148759,/home/m/mmehride/kazem/UFDB/SPD//shipsec5.mtx,LBC,0.00645302,40,PASSED,
Sparse,100,179860,179860,5146478,0.000357774,0.00244293,0.147983,/home/m/mmehride/kazem/UFDB/SPD//shipsec5.mtx,LBC,0.00648765,40,PASSED,
Sparse,200,179860,179860,5146478,0.000374678,0.0031525,0.151759,/home/m/mmehride/kazem/UFDB/SPD//shipsec5.mtx,LBC,0.00647014,40,PASSED,
Sparse,2,114919,114919,3384159,0.000231505,0.000713053,0.0915616,/home/m/mmehride/kazem/UFDB/SPD//shipsec8.mtx,LBC,0.00416551,40,PASSED,
Sparse,4,114919,114919,3384159,0.000284769,0.000797929,0.091754,/home/m/mmehride/kazem/UFDB/SPD//shipsec8.mtx,LBC,0.00415079,40,PASSED,
Sparse,6,114919,114919,3384159,0.00023464,0.000797951,0.0910002,/home/m/mmehride/kazem/UFDB/SPD//shipsec8.mtx,LBC,0.00414527,40,PASSED,
Sparse,8,114919,114919,3384159,0.000274467,0.00101606,0.0904419,/home/m/mmehride/kazem/UFDB/SPD//shipsec8.mtx,LBC,0.00474255,40,PASSED,
Sparse,10,114919,114919,3384159,0.00022984,0.000842573,0.0913916,/home/m/mmehride/kazem/UFDB/SPD//shipsec8.mtx,LBC,0.00414848,40,PASSED,
Sparse,20,114919,114919,3384159,0.000305784,0.0010585,0.0908934,/home/m/mmehride/kazem/UFDB/SPD//shipsec8.mtx,LBC,0.0041347,40,PASSED,
Sparse,50,114919,114919,3384159,0.000235258,0.00156962,0.0922544,/home/m/mmehride/kazem/UFDB/SPD//shipsec8.mtx,LBC,0.00411256,40,PASSED,
Sparse,100,114919,114919,3384159,0.00022983,0.00178904,0.092745,/home/m/mmehride/kazem/UFDB/SPD//shipsec8.mtx,LBC,0.00415773,40,PASSED,
Sparse,200,114919,114919,3384159,0.00023603,0.00272813,0.0959743,/home/m/mmehride/kazem/UFDB/SPD//shipsec8.mtx,LBC,0.00413374,40,PASSED,
Sparse,2,25710,25710,1889447,0.000165185,0.000952662,0.0530762,/home/m/mmehride/kazem/UFDB/SPD//smt.mtx,LBC,0.002718,40,PASSED,
Sparse,4,25710,25710,1889447,0.000159803,0.000927805,0.0530513,/home/m/mmehride/kazem/UFDB/SPD//smt.mtx,LBC,0.00237942,40,PASSED,
Sparse,6,25710,25710,1889447,0.000160354,0.000979113,0.0530994,/home/m/mmehride/kazem/UFDB/SPD//smt.mtx,LBC,0.0023619,40,PASSED,
Sparse,8,25710,25710,1889447,0.000171629,0.000981907,0.0530524,/home/m/mmehride/kazem/UFDB/SPD//smt.mtx,LBC,0.00239467,40,PASSED,
Sparse,10,25710,25710,1889447,0.000148711,0.00100336,0.0523154,/home/m/mmehride/kazem/UFDB/SPD//smt.mtx,LBC,0.00236648,40,PASSED,
Sparse,20,25710,25710,1889447,0.000162554,0.00124989,0.0532451,/home/m/mmehride/kazem/UFDB/SPD//smt.mtx,LBC,0.00235463,40,PASSED,
Sparse,50,25710,25710,1889447,0.000148462,0.00209395,0.0545757,/home/m/mmehride/kazem/UFDB/SPD//smt.mtx,LBC,0.0023862,40,PASSED,
Sparse,100,25710,25710,1889447,0.000145617,0.00227997,0.0554587,/home/m/mmehride/kazem/UFDB/SPD//smt.mtx,LBC,0.0023557,40,PASSED,
Sparse,200,25710,25710,1889447,0.000150354,0.00250355,0.0578738,/home/m/mmehride/kazem/UFDB/SPD//smt.mtx,LBC,0.0024117,40,PASSED,
Sparse,2,1465137,1465137,11235263,0.00247487,0.00344031,1.0087,/home/m/mmehride/kazem/UFDB/SPD//StocF-1465.mtx,LBC,0.0208723,40,PASSED,
Sparse,4,1465137,1465137,11235263,0.00235593,0.00341905,0.993244,/home/m/mmehride/kazem/UFDB/SPD//StocF-1465.mtx,LBC,0.0208516,40,PASSED,
Sparse,6,1465137,1465137,11235263,0.00192103,0.00375734,1.00112,/home/m/mmehride/kazem/UFDB/SPD//StocF-1465.mtx,LBC,0.02086,40,PASSED,
Sparse,8,1465137,1465137,11235263,0.00181768,0.00402615,1.00126,/home/m/mmehride/kazem/UFDB/SPD//StocF-1465.mtx,LBC,0.0209216,40,PASSED,
Sparse,10,1465137,1465137,11235263,0.0030017,0.00460124,1.0003,/home/m/mmehride/kazem/UFDB/SPD//StocF-1465.mtx,LBC,0.020864,40,PASSED,
Sparse,20,1465137,1465137,11235263,0.0017592,0.00380218,1.01088,/home/m/mmehride/kazem/UFDB/SPD//StocF-1465.mtx,LBC,0.0208851,40,PASSED,
Sparse,50,1465137,1465137,11235263,0.00202773,0.00533303,1.08091,/home/m/mmehride/kazem/UFDB/SPD//StocF-1465.mtx,LBC,0.0209543,40,PASSED,
Sparse,100,1465137,1465137,11235263,0.00246182,0.0057225,1.06755,/home/m/mmehride/kazem/UFDB/SPD//StocF-1465.mtx,LBC,0.0208962,40,PASSED,
Sparse,200,1465137,1465137,11235263,0.00181264,0.00542204,1.05311,/home/m/mmehride/kazem/UFDB/SPD//StocF-1465.mtx,LBC,0.0208711,40,PASSED,
Sparse,2,1228045,1228045,4904179,0.000481904,0.000879015,0.476504,/home/m/mmehride/kazem/UFDB/SPD//thermal2.mtx,LBC,0.0106781,40,PASSED,
Sparse,4,1228045,1228045,4904179,0.000559799,0.00102939,0.464215,/home/m/mmehride/kazem/UFDB/SPD//thermal2.mtx,LBC,0.0107063,40,PASSED,
Sparse,6,1228045,1228045,4904179,0.000508351,0.00101418,0.460651,/home/m/mmehride/kazem/UFDB/SPD//thermal2.mtx,LBC,0.0106904,40,PASSED,
Sparse,8,1228045,1228045,4904179,0.000434374,0.000843862,0.456603,/home/m/mmehride/kazem/UFDB/SPD//thermal2.mtx,LBC,0.0107832,40,PASSED,
Sparse,10,1228045,1228045,4904179,0.000577636,0.00105866,0.456087,/home/m/mmehride/kazem/UFDB/SPD//thermal2.mtx,LBC,0.010805,40,PASSED,
Sparse,20,1228045,1228045,4904179,0.000430713,0.000917199,0.449561,/home/m/mmehride/kazem/UFDB/SPD//thermal2.mtx,LBC,0.0108124,40,PASSED,
Sparse,50,1228045,1228045,4904179,0.000573141,0.00138746,0.433751,/home/m/mmehride/kazem/UFDB/SPD//thermal2.mtx,LBC,0.0107099,40,PASSED,
Sparse,100,1228045,1228045,4904179,0.00050267,0.00144411,0.423917,/home/m/mmehride/kazem/UFDB/SPD//thermal2.mtx,LBC,0.0107196,40,PASSED,
Sparse,200,1228045,1228045,4904179,0.000361839,0.0016964,0.387514,/home/m/mmehride/kazem/UFDB/SPD//thermal2.mtx,LBC,0.0107773,40,PASSED,
Sparse,2,204316,204316,813716,9.75e-05,0.000217197,0.0592855,/home/m/mmehride/kazem/UFDB/SPD//thermomech_dM.mtx,LBC,0.00168346,40,PASSED,
Sparse,4,204316,204316,813716,9.2027e-05,0.000205961,0.0573744,/home/m/mmehride/kazem/UFDB/SPD//thermomech_dM.mtx,LBC,0.00168014,40,PASSED,
Sparse,6,204316,204316,813716,9.4665e-05,0.0002056,0.0563953,/home/m/mmehride/kazem/UFDB/SPD//thermomech_dM.mtx,LBC,0.00167096,40,PASSED,
Sparse,8,204316,204316,813716,9.4397e-05,0.000210989,0.0568722,/home/m/mmehride/kazem/UFDB/SPD//thermomech_dM.mtx,LBC,0.001685,40,PASSED,
Sparse,10,204316,204316,813716,9.3695e-05,0.000204627,0.0559241,/home/m/mmehride/kazem/UFDB/SPD//thermomech_dM.mtx,LBC,0.00167658,40,PASSED,
Sparse,20,204316,204316,813716,0.000116351,0.000211103,0.0553419,/home/m/mmehride/kazem/UFDB/SPD//thermomech_dM.mtx,LBC,0.00167395,40,PASSED,
Sparse,50,204316,204316,813716,9.3074e-05,0.000307203,0.0530482,/home/m/mmehride/kazem/UFDB/SPD//thermomech_dM.mtx,LBC,0.0016766,40,PASSED,
Sparse,100,204316,204316,813716,9.5908e-05,0.00046224,0.050726,/home/m/mmehride/kazem/UFDB/SPD//thermomech_dM.mtx,LBC,0.00161507,40,PASSED,
Sparse,200,204316,204316,813716,9.5785e-05,0.00118329,0.0873175,/home/m/mmehride/kazem/UFDB/SPD//thermomech_dM.mtx,LBC,0.0016728,40,PASSED,
Sparse,2,29736,29736,2249892,0.000183862,0.0012461,0.0636649,/home/m/mmehride/kazem/UFDB/SPD//thread.mtx,LBC,0.00277956,40,PASSED,
Sparse,4,29736,29736,2249892,0.000174499,0.00136327,0.0641483,/home/m/mmehride/kazem/UFDB/SPD//thread.mtx,LBC,0.00285483,40,PASSED,
Sparse,6,29736,29736,2249892,0.000171851,0.0015034,0.0649199,/home/m/mmehride/kazem/UFDB/SPD//thread.mtx,LBC,0.00283558,40,PASSED,
Sparse,8,29736,29736,2249892,0.000186794,0.00147046,0.0639378,/home/m/mmehride/kazem/UFDB/SPD//thread.mtx,LBC,0.00285696,40,PASSED,
Sparse,10,29736,29736,2249892,0.000189662,0.00147183,0.0636275,/home/m/mmehride/kazem/UFDB/SPD//thread.mtx,LBC,0.00279087,40,PASSED,
Sparse,20,29736,29736,2249892,0.000165251,0.00172872,0.0638843,/home/m/mmehride/kazem/UFDB/SPD//thread.mtx,LBC,0.00285219,40,PASSED,
Sparse,50,29736,29736,2249892,0.000169266,0.00260634,0.06652,/home/m/mmehride/kazem/UFDB/SPD//thread.mtx,LBC,0.00287017,40,PASSED,
Sparse,100,29736,29736,2249892,0.000172635,0.0027946,0.0683563,/home/m/mmehride/kazem/UFDB/SPD//thread.mtx,LBC,0.00282679,40,PASSED,
Sparse,200,29736,29736,2249892,0.000177723,0.00308645,0.071853,/home/m/mmehride/kazem/UFDB/SPD//thread.mtx,LBC,0.00281187,40,PASSED,
Sparse,2,726713,726713,2903837,0.000272596,0.000612227,0.268468,/home/m/mmehride/kazem/UFDB/SPD//tmt_sym.mtx,LBC,0.00621958,40,PASSED,
Sparse,4,726713,726713,2903837,0.0002642,0.000632519,0.260056,/home/m/mmehride/kazem/UFDB/SPD//tmt_sym.mtx,LBC,0.00629395,40,PASSED,
Sparse,6,726713,726713,2903837,0.000347185,0.000653738,0.258499,/home/m/mmehride/kazem/UFDB/SPD//tmt_sym.mtx,LBC,0.00621813,40,PASSED,
Sparse,8,726713,726713,2903837,0.000348639,0.000700358,0.256048,/home/m/mmehride/kazem/UFDB/SPD//tmt_sym.mtx,LBC,0.00625005,40,PASSED,
Sparse,10,726713,726713,2903837,0.000366484,0.000640927,0.253911,/home/m/mmehride/kazem/UFDB/SPD//tmt_sym.mtx,LBC,0.00628231,40,PASSED,
Sparse,20,726713,726713,2903837,0.000345987,0.000645633,0.252857,/home/m/mmehride/kazem/UFDB/SPD//tmt_sym.mtx,LBC,0.00626549,40,PASSED,
Sparse,50,726713,726713,2903837,0.00029512,0.000887101,0.245614,/home/m/mmehride/kazem/UFDB/SPD//tmt_sym.mtx,LBC,0.00620991,40,PASSED,
Sparse,100,726713,726713,2903837,0.000300548,0.000966526,0.235885,/home/m/mmehride/kazem/UFDB/SPD//tmt_sym.mtx,LBC,0.00628963,40,PASSED,
Sparse,200,726713,726713,2903837,0.00027217,0.00151015,0.217489,/home/m/mmehride/kazem/UFDB/SPD//tmt_sym.mtx,LBC,0.00621622,40,PASSED,
Sparse,2,47072,47072,1191985,8.672e-05,0.000243062,0.0335144,/home/m/mmehride/kazem/UFDB/SPD//vanbody.mtx,LBC,0.00137624,40,PASSED,
Sparse,4,47072,47072,1191985,8.7533e-05,0.000254951,0.0329968,/home/m/mmehride/kazem/UFDB/SPD//vanbody.mtx,LBC,0.0013853,40,PASSED,
Sparse,6,47072,47072,1191985,8.8608e-05,0.000289399,0.0336876,/home/m/mmehride/kazem/UFDB/SPD//vanbody.mtx,LBC,0.00136698,40,PASSED,
Sparse,8,47072,47072,1191985,8.903e-05,0.000277608,0.0330701,/home/m/mmehride/kazem/UFDB/SPD//vanbody.mtx,LBC,0.00136786,40,PASSED,
Sparse,10,47072,47072,1191985,0.000106605,0.000290101,0.0330423,/home/m/mmehride/kazem/UFDB/SPD//vanbody.mtx,LBC,0.00137308,40,PASSED,
Sparse,20,47072,47072,1191985,8.8804e-05,0.000365822,0.033071,/home/m/mmehride/kazem/UFDB/SPD//vanbody.mtx,LBC,0.00137441,40,PASSED,
Sparse,50,47072,47072,1191985,9.1186e-05,0.000663689,0.0332897,/home/m/mmehride/kazem/UFDB/SPD//vanbody.mtx,LBC,0.00137748,40,PASSED,
Sparse,100,47072,47072,1191985,8.8592e-05,0.000869842,0.0356974,/home/m/mmehride/kazem/UFDB/SPD//vanbody.mtx,LBC,0.00141366,40,PASSED,
Sparse,200,47072,47072,1191985,8.4546e-05,0.00155264,0.0392585,/home/m/mmehride/kazem/UFDB/SPD//vanbody.mtx,LBC,0.00138111,40,PASSED,
Sparse,2,108384,108384,5138004,0.000329518,0.000857958,0.144406,/home/m/mmehride/kazem/UFDB/SPD//x104.mtx,LBC,0.00659164,40,PASSED,
Sparse,4,108384,108384,5138004,0.000395536,0.000938169,0.144835,/home/m/mmehride/kazem/UFDB/SPD//x104.mtx,LBC,0.00660292,40,PASSED,
Sparse,6,108384,108384,5138004,0.000389448,0.00106952,0.14394,/home/m/mmehride/kazem/UFDB/SPD//x104.mtx,LBC,0.00662407,40,PASSED,
Sparse,8,108384,108384,5138004,0.000341093,0.00105884,0.144233,/home/m/mmehride/kazem/UFDB/SPD//x104.mtx,LBC,0.00663578,40,PASSED,
Sparse,10,108384,108384,5138004,0.000402534,0.00110354,0.144002,/home/m/mmehride/kazem/UFDB/SPD//x104.mtx,LBC,0.00664887,40,PASSED,
Sparse,20,108384,108384,5138004,0.000343863,0.00142317,0.145372,/home/m/mmehride/kazem/UFDB/SPD//x104.mtx,LBC,0.00662837,40,PASSED,
Sparse,50,108384,108384,5138004,0.00034852,0.00244021,0.143243,/home/m/mmehride/kazem/UFDB/SPD//x104.mtx,LBC,0.00662262,40,PASSED,
Sparse,100,108384,108384,5138004,0.000340738,0.00284296,0.144274,/home/m/mmehride/kazem/UFDB/SPD//x104.mtx,LBC,0.00662112,40,PASSED,
Sparse,200,108384,108384,5138004,0.000320419,0.00414448,0.146966,/home/m/mmehride/kazem/UFDB/SPD//x104.mtx,LBC,0.00661815,40,PASSED,
